country,year,month,Access to an ITN,ACT Given - Total,Anti-Malarial treatment,Anti-Malarial treatment among children under 5 yrs,Children <5 yrs who received LLIN,Children age 6�59 months tested positive for Malaria  accordi,Children under age 5 had a fever in the 2 weeks before the surv,Children under age 5 with a fever received ACT,Children with a fever had blood taken for testing,Closing Balance - Rapid Diagnostic Test (RDT),IPTp1 Coverage (institutional),IPTp2 Coverage (institutional),IPTp3 Coverage (institutional),IPTp>=4 Coverage (institutional),LLIN given – Total,MAL - Malaria cases confirmed (number),MAL - Malaria cases tested with microscopy,MAL - Malaria cases tested with RDT,MAL - Malaria deaths inpatient(Under 5),MAL - Malaria inpatient admissions,MAL - Non-malaria deaths inpatient,MAL - Non-malaria outpatient cases,MAL - Total reported malaria cases (confirmed + presumed),Number of malaria cases treated with artemisinin-based combinat,Number of malaria positive cases by microscopy,Number of malaria positive cases by rapid diagnostic test (RDT),Number of suspected malaria cases,Persons with Severe Malaria given recommended pre-referral trea,Persons with Severe Malaria treated with Artesunate injection,Persons with Severe Malaria treated with other pre referral tre,Severe Malaria cases seen,Severe Malaria Treatment,Treatment with Artemisinin-based Combination Therapy (ACT) amon,n_facilities,Children under 5 sleeping under insecticide-treated nets (ITNs),Children under 5 yr who slept under an ITN,[CONFIG] MAL - Reporting completeness - DTH (%),[CONFIG] MAL - Reporting completeness - IPD (%),% Confirmed Malaria (RDT or Microscopy),% Confirmed uncomplicated Malaria,Estimated malaria cases in 2021,Estimated malaria cases in 2022,Estimated malaria cases in 2023,Fever Testing Rate,Households using an improved sanitation facility,Households using Improved Water as Source of drinking water ,Households with at least one ITN,Literacy among women,Malaria diagnostic usage (Percentage of children under age 5 wi,Malaria prevalence according  to RDT  among children,MAL - Case fatality rate (malaria admissions),MAL - % of all-admissions/all outpatients,MAL - % of all-deaths/all admissions,MAL - % of malaria tested cases by RDT,MAL - % of suspected malaria cases tested,MAL - Percentage of malaria deaths,MAL - Percentage of malaria IPD,MAL - Percentage of malaria OPD cases,MAL - Slide positivity rate (microscopy),MAL - Test positivity rate (RDT),% of all Antenatal care clients receiving malaria IPT,% of Antenatal 1st Visits receiving IPT1,% of Antenatal 1st Visits receiving LLIN,% of Antimalaria with mobile authentication service,% of clinically diagnosed malaria given ACT,% of confirmed uncomplicated malaria given ACT,% of confirmed uncomplicated malaria given other antimalaria,% of Fever cases tested positive with Microscopy,% of Fever cases tested positive with RDT,% of Fever cases Tested with Microscopy,% of Fever cases Tested with RDT,% of Malaria cases clinically diagnosed,% of Persons Clinically diagnosed with Malaria treated with ACT,% of suspected malaria receiving parasitological test,% of Under 5 deaths attributable to Malaria,Ownership of at least one mosquito net,Ownership of insecticide-treated nets,Percentage of children age 6-59 months classified as having ana,Percentage of children who received ACT,Percentage of households owning at least one ITN,Percentage of households with at least one mosquito net,Percentage of malaria cases confirmed with laboratory diagnosti,Percentage of women age 15�49 who say there are ways to avoid,Percentage of women who took any IPT (SP/Fansidar),% Percentage who have seen or heard a malaria message in the pa,Percentage who received 2 or more doses,Percentage who received 3 or more doses of SP,Percentage who received one or more doses of SP/Fansidar,Percentage who received only 1 dose of SP,Percentage who received three or more doses of SP/Fansidar,Percentage who received two or more doses of SP/Fansidar,Percentage who state there are ways to avoid getting malaria,Percentage with a fever & tested for malaria,Persons with access to an insecticide treated mosquito net (ITN,Pregnant women attending antenatal care� at least once and re,Pregnant women sleeping under insecticide-treated nets (ITNs),Pregnant women who slept under an ITN,Reporting completeness - OPD (%),Sources of ITNs-MDC ,Test Positivity Rate(TPR) (Microscopy),Test Positivity Rate(TPR) (RDT),% U5 fever to OPD attendance,Under 5 mortality rate(Facility),% Under 5 receiving LLIN,Use of clean fuels and technologies for cooking,Use of ITNs,Use of ITNs by children under age 5,Use of ITNs by pregnant women,Vector Control — LLINs,temperature_mean_c,temperature_max_c,temperature_min_c,humidity_pct,rainfall_mm_day,wind_speed_ms,solar_kwh_m2_day
Nigeria,2020,1,0.0,0.0,0.0,0.0,0.0,0.0,0.0,0.0,0.0,0.0,0.0,0.0,0.0,0.0,0.0,0.0,0.0,0.0,0.0,0.0,0.0,0.0,0.0,0.0,0.0,0.0,0.0,0.0,0.0,0.0,0.0,0.0,0.0,22440,,,,,,,,,,,,,,,,,,,,,,,,,,,,,98.46665271019577,,,,,84.89559910414333,77.9204292126426,63.656809282088474,,,,,,,,,,,,,,,,,,,,,,,,,,,,,,,,,,107.07169160264186,,,,,,,,,,,,
Nigeria,2020,2,0.0,0.0,0.0,0.0,0.0,0.0,0.0,0.0,0.0,0.0,0.0,0.0,0.0,0.0,0.0,0.0,0.0,0.0,0.0,0.0,0.0,0.0,0.0,0.0,0.0,0.0,0.0,0.0,0.0,0.0,0.0,0.0,0.0,22193,,,,,,,,,,,,,,,,,,,,,,,,,,,,,103.49417763157894,,,,,84.79934881949734,76.82973096926715,62.245982905982906,,,,,,,,,,,,,,,,,,,,,,,,,,,,,,,,,,115.61478203608587,,,,,,,,,,,,
Nigeria,2020,3,0.0,0.0,0.0,0.0,0.0,0.0,0.0,0.0,0.0,0.0,0.0,0.0,0.0,0.0,0.0,0.0,0.0,0.0,0.0,0.0,0.0,0.0,0.0,0.0,0.0,0.0,0.0,0.0,0.0,0.0,0.0,0.0,0.0,21478,,,,,,,,,,,,,,,,,,,,,,,,,,,,,98.2136988998263,,,,,84.50687292358805,76.07405384466395,59.8643719611021,,,,,,,,,,,,,,,,,,,,,,,,,,,,,,,,,,112.84879592103542,,,,,,,,,,,,
Nigeria,2020,4,0.0,0.0,0.0,0.0,0.0,0.0,0.0,0.0,0.0,0.0,0.0,0.0,0.0,0.0,0.0,0.0,0.0,0.0,0.0,0.0,0.0,0.0,0.0,0.0,0.0,0.0,0.0,0.0,0.0,0.0,0.0,0.0,0.0,21479,,,,,,,,,,,,,,,,,,,,,,,,,,,,,99.59656353330183,,,,,85.28584240313452,77.37312845103168,63.64387876218737,,,,,,,,,,,,,,,,,,,,,,,,,,,,,,,,,,110.52012051349227,,,,,,,,,,,,
Nigeria,2020,5,0.0,0.0,0.0,0.0,0.0,0.0,0.0,0.0,0.0,0.0,0.0,0.0,0.0,0.0,0.0,0.0,0.0,0.0,0.0,0.0,0.0,0.0,0.0,0.0,0.0,0.0,0.0,0.0,0.0,0.0,0.0,0.0,0.0,21472,,,,,,,,,,,,,,,,,,,,,,,,,,,,,101.09796614451743,,,,,85.49206097560976,78.00957433352792,63.974784329244166,,,,,,,,,,,,,,,,,,,,,,,,,,,,,,,,,,111.8054115707022,,,,,,,,,,,,
Nigeria,2020,6,0.0,0.0,0.0,0.0,0.0,0.0,0.0,0.0,0.0,0.0,0.0,0.0,0.0,0.0,0.0,0.0,0.0,0.0,0.0,0.0,0.0,0.0,0.0,0.0,0.0,0.0,0.0,46.67,246.67000000000002,13.33,0.0,0.0,0.0,21917,,,,,,,,,,,,,,,,,,,,,,,,,,,,,98.67667246520874,,,,,86.02732102486813,80.34399588102879,63.98653008490217,,,82.22333333333334,,,,,,,,,,,,,,,,,,,,,,,,,,,,,,,107.6298798433914,,,,,,,,,,,,
Nigeria,2020,7,0.0,0.0,0.0,0.0,0.0,0.0,0.0,0.0,0.0,0.0,0.0,0.0,0.0,0.0,0.0,0.0,0.0,0.0,0.0,0.0,0.0,0.0,0.0,0.0,0.0,0.0,0.0,300.0,1503.33,200.0,0.0,0.0,0.0,21426,,,,,,,,,,,,,,,,,,,,,,,,,,,,,97.44325354107649,,,,,86.47320220588234,81.70601594611995,67.70481957842087,,,103.19283018867925,,,,,,,,,,,,,,,,,,,,,,,,,,,,,,,106.14821134421135,,,,,,,,,,,,
Nigeria,2020,8,0.0,0.0,0.0,0.0,0.0,0.0,0.0,0.0,0.0,0.0,0.0,0.0,0.0,0.0,0.0,0.0,0.0,0.0,0.0,0.0,0.0,0.0,0.0,0.0,0.0,0.0,0.0,11037.61,11263.25,3266.38,0.0,0.0,0.0,22228,,,,,,,,,,,,,,,,,,,,,,,,,,,,,100.20470540430719,,,,,86.8874148226203,82.55411827229683,68.54670925414364,,,102.59763837638376,,,,,,,,,,,,,,,,,,,,,,,,,,,,,,,112.19854571519592,,,,,,,,,,,,
Nigeria,2020,9,0.0,0.0,0.0,0.0,0.0,0.0,0.0,0.0,0.0,0.0,0.0,0.0,0.0,0.0,0.0,0.0,0.0,0.0,0.0,0.0,0.0,0.0,0.0,0.0,0.0,0.0,0.0,19655.760000000002,22473.66,6704.2,0.0,0.0,0.0,21758,,,,,,,,,,,,,,,,,,,,,,,,,,,,,100.43369047619046,,,,,88.11524940617576,82.43696313364056,69.14014163372859,,,98.3503647158609,,,,,,,,,,,,,,,,,,,,,,,,,,,,,,,100.30110665451232,,,,,,,,,,,,
Nigeria,2020,10,0.0,0.0,0.0,0.0,0.0,0.0,0.0,0.0,0.0,0.0,0.0,0.0,0.0,0.0,0.0,0.0,0.0,0.0,0.0,0.0,0.0,0.0,0.0,0.0,0.0,0.0,0.0,25772.03,31321.629999999997,7918.19,0.0,0.0,0.0,21931,,,,,,,,,,,,,,,,,,,,,,,,,,,,,103.20241135734072,,,,,86.36258122743682,82.29054959524042,65.357119944212,,,102.09402422611036,,,,,,,,,,,,,,,,,,,,,,,,,,,,,,,103.05407187780773,,,,,,,,,,,,
Nigeria,2020,11,0.0,0.0,0.0,0.0,0.0,0.0,0.0,0.0,0.0,0.0,0.0,0.0,0.0,0.0,0.0,0.0,0.0,0.0,0.0,0.0,0.0,0.0,0.0,0.0,0.0,0.0,0.0,22615.53,45497.65,18144.88,0.0,0.0,0.0,21080,,,,,,,,,,,,,,,,,,,,,,,,,,,,,102.78526105036194,,,,,85.46222050290135,87.01955142681174,,,,101.43153468385513,,,,,,,,,,,,,,,,,,,,,,,,,,,,,,,106.25065213159431,,,,,,,,,,,,
Nigeria,2020,12,0.0,0.0,0.0,0.0,0.0,0.0,0.0,0.0,0.0,0.0,0.0,0.0,0.0,0.0,0.0,0.0,0.0,0.0,0.0,0.0,0.0,0.0,0.0,0.0,0.0,0.0,0.0,18713.9,36741.560000000005,10378.970000000001,0.0,0.0,0.0,21210,,,,,,,,,,,,,,,,,,,,,,,,,,,,,103.65984743202418,,,,,84.52026742301459,79.49897290453279,,,,101.91912571793235,,,,,,,,,,,,,,,,,,,,,,,,,,,,,,,107.49647418101054,,,,,,,,,,,,
Nigeria,2021,1,0.0,0.0,0.0,0.0,0.0,0.0,0.0,0.0,0.0,0.0,0.0,0.0,0.0,0.0,0.0,0.0,0.0,0.0,0.0,0.0,0.0,0.0,0.0,0.0,0.0,0.0,0.0,28008.39,43218.99,9681.779999999999,0.0,0.0,0.0,22291,,,,,78.99015068990559,,,,,,,,,,,,,,,,,,,,,,,,102.11312950875988,,,,,84.94921831819975,77.96435298070462,,,,98.45731876332623,,,,,,,,,,,,,,,,,,,,,,,,,,,,,,,103.56014955812373,,,,,,,,,,,,
Nigeria,2021,2,0.0,0.0,0.0,0.0,0.0,0.0,0.0,0.0,0.0,0.0,0.0,0.0,0.0,0.0,0.0,0.0,0.0,0.0,0.0,0.0,0.0,0.0,0.0,0.0,0.0,0.0,0.0,21535.89,49661.88,11700.119999999999,0.0,0.0,0.0,22362,,,,,,,,,,,,,,,,,,,,,,,,,,,,,104.68791028037383,,,,,90.443039538715,77.56860325663027,,,,101.49604826546003,,,,,,,,,,,,,,,,,,,,,,,,,,,,,,,117.027247377846,,,,,,,,,,,,
Nigeria,2021,3,0.0,0.0,0.0,0.0,0.0,0.0,0.0,0.0,0.0,0.0,0.0,0.0,0.0,0.0,0.0,0.0,0.0,0.0,0.0,0.0,0.0,0.0,0.0,0.0,0.0,0.0,0.0,24760.010000000002,58762.69,14997.94,0.0,0.0,0.0,22653,,,,,,,,,,,,,,,,,,,,,,,,,,,,,103.84039697542532,,,,,86.97341572123177,77.08371571193177,,,,113.02022913719944,,,,,,,,,,,,,,,,,,,,,,,,,,,,,,,106.91854016477858,,,,,,,,,,,,
Nigeria,2021,4,0.0,0.0,0.0,0.0,0.0,0.0,0.0,0.0,0.0,0.0,0.0,0.0,0.0,0.0,0.0,0.0,0.0,0.0,0.0,0.0,0.0,0.0,0.0,0.0,0.0,0.0,0.0,31160.890000000003,58119.87,12151.57,0.0,0.0,0.0,23033,,,,,,,,,,,,,,,,,,,,,,,,,,,,,,,,,,86.0894593528019,77.85286821339129,,,,102.79993850658857,,,,,,,,,,,,,,,,,,,,,,,,,,,,,,,106.37884596456693,,,,,,,,,,,,
Nigeria,2021,5,0.0,0.0,0.0,0.0,0.0,0.0,0.0,0.0,0.0,0.0,0.0,0.0,0.0,0.0,0.0,0.0,0.0,0.0,0.0,0.0,0.0,0.0,0.0,0.0,0.0,0.0,0.0,20490.81,61683.86,13441.16,0.0,0.0,0.0,23060,,,,,,,,,,,,,,,,,,,,,,,,,,,,,,,,,,85.84103434504793,77.25978818177511,,,,96.12200971983991,,,,,,,,,,,,,,,,,,,,,,,,,,,,,,,100.56059359388775,,,,,,,,,,,,
Nigeria,2021,6,0.0,0.0,0.0,0.0,0.0,0.0,0.0,0.0,0.0,0.0,0.0,0.0,0.0,0.0,0.0,0.0,0.0,0.0,0.0,0.0,0.0,0.0,0.0,0.0,0.0,0.0,0.0,26323.33,74841.18,14146.02,0.0,0.0,0.0,23333,,,,,,,,,,,,,,,,,,,,,,,,,,,,,,,,,,86.47848625629113,78.65759097491475,,,,102.72040536839222,,,,,,,,,,,,,,,,,,,,,,,,,,,,,,,122.12344246353322,,,,,,,,,,,,
Nigeria,2021,7,0.0,0.0,0.0,0.0,0.0,0.0,0.0,0.0,0.0,0.0,0.0,0.0,0.0,0.0,0.0,0.0,0.0,0.0,0.0,0.0,0.0,0.0,0.0,0.0,0.0,0.0,0.0,29404.04,80774.04,18145.670000000002,0.0,0.0,0.0,23718,,,,,,,,,,,,,,,,,,,,,,,,,,,,,,,,,,89.81867768595042,80.54542046186403,,,,101.51605462412114,,,,,,,,,,,,,,,,,,,,,,,,,,,,,,,105.02999999999999,,,,,,,,,,,,
Nigeria,2021,8,0.0,0.0,0.0,0.0,0.0,0.0,0.0,0.0,0.0,0.0,0.0,0.0,0.0,0.0,0.0,0.0,0.0,0.0,0.0,0.0,0.0,0.0,0.0,0.0,0.0,0.0,0.0,74844.04999999999,92264.82,14861.220000000001,0.0,0.0,0.0,23569,,,,,,,,,,,,,,,,,,,,,,,,,,,,,,,,,,86.76168712871288,82.0225013731234,,,,102.3569064543645,,,,,,,,,,,,,,,,,,,,,,,,,,,,,,,103.38091715976331,,,,,,,,,,,,
Nigeria,2021,9,0.0,0.0,0.0,0.0,0.0,0.0,0.0,0.0,0.0,0.0,0.0,0.0,0.0,0.0,0.0,0.0,0.0,0.0,0.0,0.0,0.0,0.0,0.0,0.0,0.0,0.0,0.0,34670.270000000004,119272.89,13137.92,0.0,0.0,0.0,23551,,,,,86.64418343926553,,,,,,,,,,,,,,,,,,,,,,,,109.07558348851646,,,,,90.00744835965979,83.04444991034896,,,,102.49558126084443,,,,,,,,,,,,,,,,,,,,,,,,,,,,,,,101.06741561712846,,,,,,,,,,,,
Nigeria,2021,10,0.0,0.0,0.0,0.0,0.0,0.0,0.0,0.0,0.0,0.0,0.0,0.0,0.0,0.0,0.0,0.0,0.0,0.0,0.0,0.0,0.0,0.0,0.0,0.0,0.0,0.0,0.0,32804.85,98324.20999999999,15331.26,0.0,0.0,0.0,23722,,,,,82.42049007553135,,,,,,,,,,,,,,,,,,,,,,,,103.67381409377572,,,,,86.98104337631887,81.08456950611067,,,,100.94293841642228,,,,,,,,,,,,,,,,,,,,,,,,,,,,,,,101.49936842105262,,,,,,,,,,,,
Nigeria,2021,11,0.0,0.0,0.0,0.0,0.0,0.0,0.0,0.0,0.0,0.0,0.0,0.0,0.0,0.0,0.0,0.0,0.0,0.0,0.0,0.0,0.0,0.0,0.0,0.0,0.0,0.0,0.0,39272.66,83866.52,16158.84,0.0,0.0,0.0,23235,,,,,82.0112000896258,,,,,,,,,,,,,,,,,,,,,,,,112.93347457627118,,,,,87.4603205918619,80.49836818521285,,,,104.53923659497123,,,,,,,,,,,,,,,,,,,,,,,,,,,,,,,109.75843790849673,,,,,,,,,,,,
Nigeria,2021,12,0.0,0.0,0.0,0.0,0.0,0.0,0.0,0.0,0.0,0.0,0.0,0.0,0.0,0.0,0.0,0.0,0.0,0.0,0.0,0.0,0.0,0.0,0.0,0.0,0.0,0.0,0.0,23250.73,91861.48000000001,48326.719999999994,0.0,0.0,0.0,23505,,,,,80.48958217638504,,,,,,,,,,,,,,,,,,,,,,,,113.82802512212142,,,,,86.46977931631329,79.30357402215378,,,,102.01476602564102,,,,,,,,,,,,,,,,,,,,,,,,,,,,,,,121.37413940256046,,,,,,,,,,,,
Nigeria,2022,1,0.0,0.0,0.0,0.0,0.0,0.0,0.0,0.0,0.0,0.0,0.0,0.0,0.0,0.0,0.0,0.0,0.0,0.0,0.0,0.0,0.0,0.0,0.0,0.0,0.0,0.0,0.0,54278.77,81829.51,15138.33,0.0,0.0,0.0,3493,,,,,,,,,,,,,,,,,,,,,,,,,,,,,,,,,,,,,,,100.19217404865876,,,,,,,,,,,,,,,,,,,,,,,,,,,,,,,,,,,,,,,,,,,
Nigeria,2022,2,0.0,0.0,0.0,0.0,0.0,0.0,0.0,0.0,0.0,0.0,0.0,0.0,0.0,0.0,0.0,0.0,0.0,0.0,0.0,0.0,0.0,0.0,0.0,0.0,0.0,0.0,0.0,20613.71,136111.92,11411.91,0.0,0.0,0.0,23749,,,,,,,,,,,,,,,,,,,,,,,,,,,,,,,,,,85.02425122749591,75.64079016841147,,,,102.57786844554762,,,,,,,,,,,,,,,,,,,,,,,,,,,,,,,109.4620829655781,,,,,,,,,,,,
Nigeria,2022,3,0.0,0.0,0.0,0.0,0.0,0.0,0.0,0.0,0.0,0.0,0.0,0.0,0.0,0.0,0.0,0.0,0.0,0.0,0.0,0.0,0.0,0.0,0.0,0.0,0.0,0.0,0.0,23979.71,95482.22,14887.26,0.0,0.0,0.0,23705,,,,,,,,,,,,,,,,,,,,,,,,,,,,,,,,,,85.70257800312012,73.82339435336976,,,,98.42690555724263,,,,,,,,,,,,,,,,,,,,,,,,,,,,,,,100.13563025210084,,,,,,,,,,,,
Nigeria,2022,4,0.0,0.0,0.0,0.0,0.0,0.0,0.0,0.0,0.0,0.0,0.0,0.0,0.0,0.0,0.0,0.0,0.0,0.0,0.0,0.0,0.0,0.0,0.0,0.0,0.0,0.0,0.0,23099.39,73817.12,16546.66,0.0,0.0,0.0,23665,,,,,,,,,,,,,,,,,,,,,,,,,,,,,,,,,,86.27670402656703,85.66671628203378,,,,100.74137790332706,,,,,,,,,,,,,,,,,,,,,,,,,,,,,,,102.61261977573903,,,,,,,,,,,,
Nigeria,2022,5,0.0,0.0,0.0,0.0,0.0,0.0,0.0,0.0,0.0,0.0,0.0,0.0,0.0,0.0,0.0,0.0,0.0,0.0,0.0,0.0,0.0,0.0,0.0,0.0,0.0,0.0,0.0,40227.39,97927.81999999999,18885.73,0.0,0.0,0.0,14312,,,,,,,,,,,,,,,,,,,,,,,,,,,,,,,,,,85.55888396454472,75.10462044444445,,,,99.84873828856965,,,,,,,,,,,,,,,,,,,,,,,,,,,,,,,99.41361035422342,,,,,,,,,,,,
Nigeria,2022,6,0.0,0.0,0.0,0.0,0.0,0.0,0.0,0.0,0.0,0.0,0.0,0.0,0.0,0.0,0.0,0.0,0.0,0.0,0.0,0.0,0.0,0.0,0.0,0.0,0.0,0.0,0.0,21939.89,80661.23,13622.44,0.0,0.0,0.0,5322,,,,,,,,,,,,,,,,,,,,,,,,,,,,,,,,,,87.07739309210527,,,,,104.86015251989389,,,,,,,,,,,,,,,,,,,,,,,,,,,,,,,122.74161865569273,,,,,,,,,,,,
Nigeria,2022,7,0.0,0.0,0.0,0.0,0.0,0.0,0.0,0.0,0.0,0.0,0.0,0.0,0.0,0.0,0.0,0.0,0.0,0.0,0.0,0.0,0.0,0.0,0.0,0.0,0.0,0.0,0.0,27802.71,77080.05,19481.66,0.0,0.0,0.0,6674,,,,,,,,,,,,,,,,,,,,,,,,,,,,,113.05966176470588,,,,,93.97247728170683,,,,,100.88005301524188,,,,,,,,,,,,,,,,,,,,,,,,,,,,,,,106.04959501557632,,,,,,,,,,,,
Nigeria,2022,8,0.0,0.0,0.0,0.0,0.0,0.0,0.0,0.0,0.0,0.0,0.0,0.0,0.0,0.0,0.0,0.0,0.0,0.0,0.0,0.0,0.0,0.0,0.0,0.0,0.0,0.0,0.0,25918.8,81274.08,17333.95,0.0,0.0,0.0,6681,,,,,,,,,,,,,,,,,,,,,,,,,,,,,127.00465552178318,,,,,86.36658149438638,,,,,102.43771560236998,,,,,,,,,,,,,,,,,,,,,,,,,,,,,,,106.25067055393588,,,,,,,,,,,,
Nigeria,2022,9,0.0,0.0,0.0,0.0,0.0,0.0,0.0,0.0,0.0,0.0,0.0,0.0,0.0,0.0,0.0,0.0,0.0,0.0,0.0,0.0,0.0,0.0,0.0,0.0,0.0,0.0,0.0,25490.58,76494.45,20300.3,0.0,0.0,0.0,23468,,,,,79.40742251153166,,,,,,,,,,,,,,,,,,,,,,,,127.16939832869082,,,,,96.12788655462185,,,,,102.80271967925158,,,,,,,,,,,,,,,,,,,,,,,,,,,,,,,124.00681583476765,,,,,,,,,,,,
Nigeria,2022,10,0.0,0.0,0.0,0.0,0.0,0.0,0.0,0.0,0.0,0.0,0.0,0.0,0.0,0.0,0.0,0.0,0.0,0.0,0.0,0.0,0.0,0.0,0.0,0.0,0.0,0.0,0.0,34286.26,94019.03,11734.78,0.0,0.0,0.0,23508,,,,,79.4194701617401,,,,,,,,,,,,,,,,,,,,,,,,126.21968833960236,,,,,85.75320649850363,,,,,100.75768005540166,,,,,,,,,,,,,,,,,,,,,,,,,,,,,,,108.41431127012522,,,,,,,,,,,,
Nigeria,2022,11,0.0,0.0,0.0,0.0,0.0,0.0,0.0,0.0,0.0,0.0,0.0,0.0,0.0,0.0,0.0,0.0,0.0,0.0,0.0,0.0,0.0,0.0,0.0,0.0,0.0,0.0,0.0,22757.29,75638.14,12826.61,0.0,0.0,0.0,24418,,,,,77.58090702008697,,,,,,,,,,,,,,,,,,,,,,,,123.51019172552978,,,,,86.29401509134233,,,,,103.31114722131947,,,,,,,,,,,,,,,,,,,,,,,,,,,,,,,149.9990662139219,,,,,,,,,,,,
Nigeria,2022,12,0.0,0.0,0.0,0.0,0.0,0.0,0.0,0.0,0.0,0.0,0.0,0.0,0.0,0.0,0.0,0.0,0.0,0.0,0.0,0.0,0.0,0.0,0.0,0.0,0.0,0.0,0.0,27520.449999999997,89690.69,11035.03,0.0,0.0,0.0,24561,,,,,76.9225300414223,,,,,,,,,,,,,,,,,,,,,,,,,,,,,89.52822541966427,,,,,125.04687808084127,,,,,,,,,,,,,,,,,,,,,,,,,,,,,,,99.75882550335571,,,,,,,,,,,,
Nigeria,2023,1,0.0,1770603.0,0.0,0.0,15347.0,0.0,0.0,0.0,0.0,1866954.0,1625221.53,1338158.38,748868.37,353447.94,74431.0,1709254.0,254165.0,2243979.0,391.0,20788.0,8422.0,0.0,2622921.0,0.0,0.0,0.0,0.0,24254.15,82905.01,10337.06,20788.0,0.0,0.0,48462,,,-1.0,-1.0,74.09537939249553,,,,,,,,,,,,19.632873563218393,,,,,42.24503105590062,,,84.9541915052161,72.51231569312698,,,116.57274149034038,,102.52611057225994,100.40073308574196,64.50947331460675,84.9541915052161,72.51207267720807,67.00449802087081,96.96266381473406,68.9312077562327,102.6274719841793,,77.63275,,,,,,,,,,,,,,,,,,,,,,,0.0,,34.84627098321344,,,189.99384920634918,97.67251515151516,,,,,,24.32015811033268,34.75313272845603,14.380950384747903,55.849863136939625,0.09362620114084454,2.0198037977106544,19.600407335094367
Nigeria,2023,2,0.0,1693539.0,0.0,0.0,25062.0,0.0,0.0,0.0,0.0,0.0,1749427.76,1492425.27,840933.85,417084.84,98974.0,1639215.0,231232.0,2106387.0,347.0,19302.0,7655.0,0.0,2466571.0,0.0,0.0,0.0,0.0,20481.7,71356.01,14901.240000000002,19302.0,0.0,0.0,48462,,,-1.0,-1.0,73.95512538177141,,,,,,,,,,,,21.774482758620692,,,,,48.12577639751553,,,84.89961433580055,72.26038026161328,,,102.43326765686572,,105.42315928618638,102.2749577407558,62.19412230215828,84.89961433580055,72.245687524058,68.60516141141142,96.86928592030986,69.82667424027265,105.57519269776876,,78.81904458598726,,,,,,,,,,,,,,,,,,,,,,,0.0,,34.58289000418235,,,238.9964979757085,95.30524096385543,,,,,,26.014957888289114,36.13980494621186,16.523392098311703,51.66545767773056,0.8367631407679644,2.284663871980399,20.249799777956433
Nigeria,2023,3,0.0,1695723.0,0.0,0.0,18516.0,0.0,0.0,0.0,0.0,770388.0,1718771.73,1423763.21,857349.58,414578.82,79325.0,1653149.0,261697.0,2121286.0,341.0,23124.0,8418.0,0.0,2515884.0,0.0,0.0,0.0,0.0,27475.87,71593.51,11822.779999999999,23124.0,0.0,0.0,48462,,,-1.0,-1.0,73.27621226489649,,,,,,,,,,,,18.937733333333334,,,,,49.23422077922078,,,84.99524878413767,71.48952528507685,81.95676540406646,,102.96183098591548,,99.28405035054173,,62.48623268698061,84.99524878413767,71.49988430031247,,96.83658170731708,70.15671857619577,99.34287390029327,,76.4895205479452,,,,,,,,,,,,,,,,,,,,,,,0.0,,35.01929001203369,,,204.30738522954093,92.3510407239819,,,,,,27.488226905554917,35.75868381761801,20.33796294169442,62.68075437387543,3.0022060793997167,1.8569825044982964,20.185575207687304
Nigeria,2023,4,0.0,1826714.0,0.0,0.0,16172.0,0.0,0.0,0.0,0.0,0.0,1670176.53,1385523.54,792384.62,406655.84,68027.0,1774351.0,270453.0,2256697.0,408.0,105994.0,9420.0,0.0,2678418.0,0.0,0.0,0.0,0.0,32111.79,82665.01,12934.67,105994.0,0.0,0.0,48462,,,-1.0,-1.0,74.66813025292208,,,,,,,,,,,,22.845625000000002,,,,,42.20238095238095,,,84.76266714593817,73.15897688549492,81.99000411946446,,109.86662532882376,,101.4379125,,62.33681296421337,84.76266714593817,73.13619045622274,,96.68765451086736,66.73132918245804,101.53325774512935,,77.90957055214724,,,,,,,,,,,,,,,,,,,,,,,0.0,,35.615801646413175,,,192.10391061452515,95.22434151785714,,,,,,28.326073465793804,36.24809999617166,22.174860265686615,67.37655028521112,3.343281267945331,1.9509821599479344,19.204252899965542
Nigeria,2023,5,0.0,1875978.0,0.0,0.0,28117.0,0.0,0.0,0.0,0.0,0.0,1609198.24,1229222.6099999999,709553.48,360510.45,122882.0,1838450.0,310764.0,2301640.0,441.0,24925.0,8194.0,0.0,2776180.0,0.0,0.0,0.0,0.0,23538.079999999998,81703.46,16772.12,24925.0,0.0,0.0,48462,,,-1.0,-1.0,75.54986475131047,,,,,,,,,,,,20.9133,,,,,46.28377659574468,,,83.52947894361171,73.58298458940257,81.95921251919717,,99.29259046524986,,100.66463347164591,,64.0825677506775,83.52947894361171,73.59035080906149,,96.42884559038968,68.95314209274673,100.63987658674189,,73.8357894736842,,,,,,,,,,,,,,,,,,,,,,,0.0,,34.79392256550645,,,153.20479611650487,89.43301123595505,,,,,,28.32699532942843,35.411398874468816,22.770441981547414,74.25806171279814,4.309338463305386,1.7911169174227632,19.335367903219634
Nigeria,2023,6,0.0,2017871.0,0.0,0.0,27716.0,0.0,0.0,0.0,0.0,0.0,1691113.92,1456872.58,808908.91,388894.1,117462.0,1955800.0,295679.0,2449811.0,517.0,25453.0,7413.0,0.0,2903749.0,0.0,0.0,0.0,0.0,31105.59,99652.56,30958.63,25453.0,0.0,0.0,48462,,,-1.0,-1.0,78.0513492442323,,,,,,,,,,,,25.35418604651163,,,,,49.52550561797752,,,87.17115747460086,75.71841578771136,85.28949989526603,,125.90259083728279,,103.47253661576815,100.67785199500744,59.292269409422694,87.17115747460086,75.73132555854586,,96.44164800530811,69.18113228089277,103.56060095389506,,78.67052325581395,,,,,,,,,,,,,,,,,,,,,,,0.0,,35.373671843886896,,,181.90294589178356,102.44506657323055,,,,,,26.4646064469201,32.637876804103975,22.06215095134183,81.54532560009189,8.02562842157651,1.7861812334902951,16.702899008460626
Nigeria,2023,7,0.0,2313438.0,0.0,0.0,30401.0,0.0,0.0,0.0,0.0,0.0,1629497.8699999999,1445336.0899999999,825946.53,409483.67,115536.0,2222259.0,309439.0,2719843.0,739.0,35211.0,7202.0,0.0,3248390.0,0.0,0.0,0.0,0.0,34358.73,97900.24,22352.14,35211.0,0.0,0.0,48462,,,-1.0,-1.0,79.80703100409191,,,,,,,,,,,,12.494230769230768,,,,,53.179306930693066,,,85.14331164135936,77.29302995201058,83.43519116045027,,107.1556106442577,,101.38956778606965,103.83268828368342,57.68013357619915,85.14331164135936,77.28825478676191,,96.68856029532404,72.39661835748792,101.41010145846543,,78.70485576923078,,,,,,,,,,,,,,,,,,,,,,,0.0,,35.31970449172577,,,195.1967676767677,127.520625,,,,,,26.51284483748708,33.031623597871445,21.98402339114123,81.63763829868688,6.38778607250871,1.6188181922591018,16.9733140002297
Nigeria,2023,8,0.0,2696204.0,0.0,0.0,33683.0,0.0,0.0,0.0,0.0,0.0,1835724.45,1635423.36,966108.58,420974.74,113545.0,2675321.0,326876.0,3106686.0,697.0,34976.0,9291.0,0.0,3675601.0,0.0,0.0,0.0,0.0,33703.76,96590.5,21757.97,34976.0,0.0,0.0,48462,,,-1.0,-1.0,80.19879189399845,,,,,,,,,,,,16.37517857142857,,,,,50.35219047619048,,,104.40058678847505,78.6733933478243,82.72678468801314,,105.68084415584416,,103.54222086264913,100.5048030872749,59.53332748538012,104.40058678847505,78.72407152625254,,96.4529489003618,71.40159227355782,103.72720050046918,,82.86892523364486,,,,,,,,,,,,,,,,,,,,,,,0.0,,36.14688777477825,,,233.22560209424083,94.61198662207359,,,,,,25.870835726044177,32.14327418552123,21.753577964090194,83.90384920179166,4.583262317675433,1.6315198499291759,15.65616036905172
Nigeria,2023,9,0.0,2652578.0,0.0,0.0,23262.0,0.0,0.0,0.0,0.0,0.0,1635086.65,1510968.4000000001,926164.61,441070.42,84628.0,2524614.0,333837.0,3052940.0,633.0,38284.0,9097.0,0.0,3584365.0,0.0,0.0,0.0,0.0,46350.09,113593.42,16042.15,38284.0,0.0,0.0,48451,,,-1.0,-1.0,81.11398087549476,,,,,,,,,,,,15.526810344827588,,,,,53.194835680751176,,,86.99009640341119,78.27585322686862,83.1238416045256,,100.88706427886152,,103.85164004914004,,56.73833745364648,86.99009640341119,78.27585322686862,,97.18450385101268,68.01615804523006,103.98075251889169,,84.65321266968326,,,,,,,,,,,,,,,,,,,,,,,0.0,,36.00077424612877,30.302026542169198,,196.92940966010732,95.35269752593774,,,,,,26.123667170837244,32.975074381114666,21.782468265972316,83.8676422048209,6.771647680496257,1.466074744883307,17.142987306388925
Nigeria,2023,10,0.0,2918341.0,0.0,0.0,34792.0,0.0,0.0,0.0,0.0,0.0,1725848.1300000001,1503305.74,915431.45,434740.52999999997,138445.0,2812605.0,368901.0,3395128.0,844.0,43503.0,8433.0,0.0,4052919.0,0.0,0.0,0.0,0.0,46986.33,101889.81,18027.77,43503.0,0.0,0.0,48458,,,-1.0,-1.0,79.88903703126824,,,,,,,,,,,,12.800806451612903,,,,,51.35385892116182,,,84.70568896925859,77.36653546854522,82.72407653994713,,100.2998205928237,,101.97467778134018,,54.015755584756896,84.70568896925859,77.36653546854522,,96.3992417791834,69.66040033130867,102.01445460483345,,82.19726495726496,,,,,,,,,,,,,,,,,,,,,,,0.0,,35.3693600953895,30.044699666295887,,191.7284238178634,97.39190136275147,,,,,,26.717565901564026,33.52547351494152,21.146316595516584,76.52758963952755,3.8771192832666497,1.3293031759097957,18.004111262132206
Nigeria,2023,11,0.0,2812813.0,0.0,0.0,32507.0,0.0,0.0,0.0,0.0,0.0,1814573.91,1635915.52,1063930.71,427859.77999999997,132762.0,2360428.0,343875.0,2878192.0,575.0,33700.0,8808.0,0.0,3436012.0,0.0,0.0,0.0,0.0,32689.47,92360.01,16972.3,33700.0,0.0,0.0,48462,,,-1.0,-1.0,80.61661449138911,,,,,,,,,,,,16.734059405940595,,,,,51.45564102564103,,,85.72175744371823,76.7422200660611,83.86348414441098,,96.90889406889407,,102.4940190945488,,60.279676549865236,85.72175744371823,76.7422200660611,,96.47425487550593,67.50348034006376,102.57272613458528,,81.11517587939699,,,,,,,,,,,,,,,,,,,,,,,0.0,,35.48480715705766,29.71167874237035,,178.17842007434945,91.23573901464712,,,,,,26.778661421844493,34.02825734083687,20.34357681558899,68.49578193790437,1.8861821905746337,1.517907239385935,17.833398415068338
Nigeria,2023,12,0.0,0.0,0.0,0.0,33996.0,0.0,0.0,0.0,0.0,0.0,0.0,0.0,0.0,0.0,127979.0,0.0,278898.0,0.0,448.0,32041.0,9605.0,0.0,0.0,0.0,0.0,0.0,0.0,40924.41,104814.20999999999,24207.91,32041.0,0.0,0.0,48462,,,-1.0,-1.0,,,,,,,,,,,,,37.93376344086022,,,,,46.59527607361963,,,84.44101953125,,,,,,108.81682430213463,,,84.44101953125,,,,,109.17654362416107,,79.36775757575758,,,,,,,,,,,,,,,,,,,,,,,0.0,,35.00538128249567,,,,93.63191011235956,,,,,,25.326938670035602,34.628563416408255,15.605412694766663,52.06828643620076,0.03388863366639869,1.8570406952260634,20.269090578461775
Nigeria,2024,1,0.0,2099053.0,0.0,0.0,33154.0,0.0,0.0,0.0,0.0,0.0,1798565.4200000002,1640928.3800000001,1036001.35,501861.44,116431.0,2054962.0,307361.0,2571502.0,412.0,27650.0,10517.0,0.0,3033170.0,0.0,0.0,0.0,0.0,27246.77,94452.7,19422.09,27650.0,0.0,0.0,48462,,,-1.0,-1.0,76.72499053460548,75.19624441964285,,,,70.8116510172144,,,,,,,14.582613636363636,,,,97.62940153659522,42.881811594202894,,,83.83197080291971,74.31210910105196,82.68528731104436,,100.37088498212158,,99.94049063912202,100.27199187770583,57.95549006622516,83.83197080291971,74.31210910105196,66.37815265113137,96.67310546798223,65.95694389625035,99.94049063912202,97.62940153659522,76.15546666666667,,,,,,,98.86725240456869,,,,,,,,,,,,,,,,0.0,,35.39657407407407,29.094146844660198,,309.09144761904764,109.48967168262654,,,,,,25.007990122889627,34.78957486313694,14.625458826231768,44.65897572834118,0.09274491788216378,2.0466015849316643,20.530876115003256
Nigeria,2024,2,0.0,2164405.0,0.0,0.0,44474.0,0.0,0.0,0.0,0.0,0.0,1908596.84,1693041.01,1095515.52,536941.16,155751.0,2127114.0,301941.0,2669554.0,381.0,29468.0,9593.0,0.0,3126995.0,0.0,0.0,0.0,0.0,22590.73,85498.01,15895.95,29468.0,0.0,0.0,48462,,,-1.0,-1.0,74.99216037486302,73.4115562569625,,,,70.19189975086454,,,,,,,11.773877551020407,,,,97.64956829778643,37.371156462585034,,,83.1512161699212,72.43230063063781,82.98672574626866,,96.20085140018067,,104.8183199195171,101.16462805180912,58.819754385964906,83.1512161699212,72.43230063063781,66.73285332442366,96.9172248483416,68.5609304964539,104.8183199195171,97.64956829778643,74.01018633540372,,,,,,,99.09319100281162,,,,,,,,,,,,,,,,0.0,,34.50933707471063,27.91477902466057,,306.30218809980806,97.90471707561342,,,,,,27.354459438765744,37.78334424409479,17.192570154281995,48.338896290341104,0.3915822518280311,2.1636755866926993,19.394746755484093
Nigeria,2024,3,0.0,2045253.0,0.0,0.0,42285.0,0.0,0.0,0.0,0.0,0.0,1887928.39,1742851.07,1094386.32,534635.37,138578.0,2008410.0,314244.0,2548469.0,525.0,33743.0,9842.0,0.0,3028618.0,0.0,0.0,0.0,0.0,25640.96,94086.72,10203.9,33743.0,0.0,0.0,48463,,,-1.0,-1.0,74.4492442079843,,,,,,,,,,,,19.29962962962963,,,,,37.66970059880239,,,88.10022592978798,71.43230545946162,83.63447833689527,,100.45503745318352,,102.76996249573814,,56.48668313338038,88.10022592978798,71.43230545946162,66.79115074024227,96.47568164001254,65.2208120649652,102.76996249573814,97.25012029250458,74.6039378238342,,,,,,,98.73327785034522,,,,,,,,,,,,,,,,0.0,,34.307175925925925,,,213.66051282051282,91.13567029843675,,,,,,29.631636614218444,38.71424926304506,22.27120630909996,57.667577045289235,1.2706276559090388,2.0451780176869185,20.08643084108572
Nigeria,2024,4,0.0,2137157.0,0.0,0.0,46140.0,0.0,0.0,0.0,0.0,0.0,1785468.04,1579625.35,946098.5900000001,545999.77,161312.0,2089709.0,290049.0,2656451.0,553.0,28311.0,9030.0,0.0,3089412.0,0.0,0.0,0.0,0.0,19012.84,77140.72,8892.19,28311.0,0.0,0.0,48463,,,-1.0,-1.0,74.29508404944971,,,,,,,,,,,,23.87034782608696,,,,,34.34540697674419,,,83.13837482219061,71.40139435448751,83.06131107531606,,99.55147058823529,,105.40895137880987,,57.73880988023952,83.13837482219061,71.40254424515976,66.38536161335188,96.69774355775603,64.92017109685304,105.40895137880987,97.58239305936074,70.65579234972678,,,,,,,99.21822375793799,,,,,,,,,,,,,,,,0.0,,35.07392766726944,,,184.46389587073608,93.54631224764469,,,,,,29.794702729604534,37.94139925730256,23.90400654645687,64.81024041958578,2.8323835228360323,2.021415144902569,20.110322537421997
Nigeria,2024,5,0.0,2205942.0,0.0,0.0,38405.0,0.0,0.0,0.0,0.0,0.0,1817177.31,1468024.2,901883.09,537513.59,125875.0,2174573.0,341667.0,2719057.0,513.0,28409.0,10400.0,0.0,3213218.0,0.0,0.0,0.0,0.0,21858.780000000002,83945.42,14048.1,28409.0,0.0,0.0,48463,,,-1.0,-1.0,74.56648712916132,,,,,,,,,,,,29.903716814159292,,,,,35.698418079096044,,,83.93484806147399,72.9481984738892,82.21011298065267,,103.00340351746345,,102.06879602356406,,56.360181950509464,83.92923480083857,72.92968006041094,67.16990225817324,96.68333791100996,64.12934282939463,102.06879602356406,97.70947391591459,73.30663212435233,,,,,,,99.36962045710004,,,,,,,,,,,,,,,,0.0,,35.36756679729249,,,359.936640625,96.29877562028047,,,,,,29.171501856743618,36.51114964970713,23.26427261590291,72.08532827992804,3.5927845411737684,1.9172525936985567,18.855184334443553
Nigeria,2024,6,0.0,2437811.0,0.0,0.0,48240.0,0.0,0.0,0.0,0.0,0.0,3060698.48,1623544.0999999999,984798.33,545335.41,197579.0,2393781.0,328957.0,2929866.0,480.0,29621.0,8415.0,0.0,3406303.0,0.0,0.0,0.0,0.0,21743.04,84453.22,10009.609999999999,29621.0,0.0,0.0,48463,,,-1.0,-1.0,75.89713912133891,,,,,,,,,,,,16.190795454545455,,,,,43.363673469387756,,,86.20678377399494,74.17083026552831,101.82037168822427,,143.7992445083145,,99.98683808758537,,53.50254901960785,86.20678377399494,74.17083026552831,66.93155516637478,97.2002488372093,60.991572237960334,99.98683808758537,98.33330685710122,70.77499999999999,,,,,,,,,,,,,,,,,,,,,,,0.0,,35.52717986676535,,,307.45588122605363,107.06958096900917,,,,,,27.504905057233643,34.814684353585235,22.465683932468128,78.57408502737262,6.597096206117683,1.78964664446231,16.942287814402206
Nigeria,2024,7,0.0,2796105.0,0.0,0.0,62682.0,0.0,0.0,0.0,0.0,0.0,1968835.46,1728672.11,1080346.11,547202.6900000001,173772.0,2763909.0,381741.0,3329933.0,805.0,39520.0,12586.0,0.0,3904599.0,0.0,0.0,0.0,0.0,41449.92,101881.18,15731.33,39520.0,0.0,0.0,48463,,,-1.0,-1.0,78.1147114607072,,,,,,,,,,,,25.195777777777778,,,,,50.42306666666667,,,84.00889938249183,75.8463040049244,85.76448504354411,,95.56838531720773,,110.37491177677471,,64.94451590106007,84.00889938249183,75.84766378149644,67.49583068783069,96.32360274233478,66.05622269960615,110.37491177677471,97.73746164624725,79.3695020746888,,,,,,,,,,,,,,,,,,,,,,,0.0,,35.886900110578694,,,375.29389925373135,108.693565647482,,,,,,25.76504326021209,31.933941081888136,21.817818804793077,84.95506201906511,10.576121320010719,1.939166953791968,14.880457486313693
Nigeria,2024,8,0.0,3393045.0,0.0,0.0,58192.0,0.0,0.0,0.0,0.0,0.0,1843389.82,1722093.23,1074176.45,608915.51,186617.0,3201530.0,371508.0,3762191.0,842.0,49599.0,8456.0,0.0,4333308.0,0.0,0.0,0.0,0.0,29260.95,91477.64,12566.83,49599.0,0.0,0.0,48463,,,-1.0,-1.0,79.62872867302944,,,,,,,,,,,,11.272575757575758,,,,,54.71925619834711,,,85.33586297266942,77.03547105780726,83.53328015713328,,103.06741401992106,,136.2803970331588,,50.281210795040124,85.33586297266942,77.03547105780726,64.57562158220925,96.50353998546679,102.19669315172152,136.2803970331588,97.55459990607275,78.78050980392156,,,,,,,,,,,,,,,,,,,,,,,0.0,,36.3868233510235,,,231.86354782608697,93.13702516233766,,,,,,25.064696412847898,30.18705026606945,21.430405038091955,87.49179970138968,5.335820412694766,2.107033038551357,14.195054936641016
Nigeria,2024,9,0.0,3160922.0,0.0,0.0,67955.0,0.0,0.0,0.0,0.0,0.0,1903277.34,1658577.69,1100010.42,631948.6,208576.0,3131344.0,411783.0,3631940.0,824.0,49206.0,9353.0,0.0,4280915.0,0.0,0.0,0.0,0.0,29560.4,93868.45,17211.59,49206.0,0.0,0.0,48463,,,-1.0,-1.0,77.50657249290009,,,,,,,,,,,,16.1781884057971,,,,,49.28594017094017,,,85.8294243792325,75.0976942616326,82.8037585859071,,100.33915233415233,,104.72521963824289,,60.168420300214436,85.8294243792325,75.0976942616326,64.34374082232011,96.3276571145114,62.51978154425612,104.72521963824289,97.56978228018134,79.41723849372386,,,,,,,,,,,,,,,,,,,,,,,0.0,,36.42238636363636,,,222.6156282271945,105.81446939514669,,,,,,25.542868764595536,31.247292982657633,21.25510432219287,86.10962539719,6.144666934650282,1.4688046016614984,16.971705141457065
Nigeria,2024,10,0.0,3495628.0,0.0,0.0,101888.0,0.0,0.0,0.0,0.0,0.0,1815638.27,1491936.98,960482.09,618625.07,303794.0,3460954.0,371528.0,4147374.0,1072.0,49582.0,11081.0,0.0,4699222.0,0.0,0.0,0.0,0.0,33307.4,122329.09,15350.640000000001,49582.0,0.0,0.0,48462,,,-1.0,-1.0,77.55224144928606,,,,,,,,,,,,10.708487394957983,,,,,57.75893203883495,,,87.0684743083004,75.16831288225563,83.09407672021098,,100.66660636212875,,104.324753673293,,53.8551282051282,87.0684743083004,75.16831288225563,64.1639443597561,96.9480475899939,64.61958649468893,104.324753673293,,77.39258706467662,,,,,,,,,,,,,,,,,,,,,,,0.0,,35.22766093562575,,,197.975763016158,101.02945118428653,,,,,,25.673455648711762,32.239771831093755,19.45058688411623,82.20456510087668,4.732253742199762,1.33845028903947,17.85281612495693
Nigeria,2024,11,0.0,2957981.0,0.0,0.0,115812.0,0.0,0.0,0.0,0.0,0.0,1820460.49,1515866.0,966620.86,614954.45,298106.0,2912634.0,355894.0,3857028.0,723.0,43454.0,10243.0,0.0,4397095.0,0.0,0.0,0.0,0.0,33050.92,109308.27,16864.35,43454.0,0.0,0.0,48462,,,-1.0,-1.0,78.08989732142857,,,,,,,,,,,,14.034692307692307,,,,,46.74311004784689,,,86.08500379362671,75.2193834843829,85.44987172011662,,102.51167240300376,,126.22844057193923,,55.01807772380292,86.08500379362671,75.2193834843829,64.66241467889908,97.26936794669338,60.21331021194605,126.22844057193923,,80.30848623853211,,,,,,,,,,,,,,,,,,,,,,,0.0,,35.146394584139266,,,429.8897777777778,122.16127009646301,,,,,,24.38607155162513,33.07789594579074,15.266968148233222,64.92127445350484,0.39295815627273073,1.8716890624401823,21.036493817235176
Nigeria,2024,12,0.0,2762357.0,0.0,0.0,171265.0,0.0,0.0,0.0,0.0,0.0,2254754.42,1717781.24,1073276.05,618706.84,466975.0,2754600.0,285542.0,3795068.0,509.0,40426.0,8627.0,0.0,4217495.0,0.0,0.0,0.0,0.0,28670.3,98151.39,12636.23,40426.0,0.0,0.0,48462,,,-1.0,-1.0,74.76255836359594,,,,,,,,,,,,13.234020618556702,,,,,56.2307514450867,,,88.11978056426332,72.54380434363307,,,113.88373304395009,,101.89927603923401,100.3268114747959,62.66616564417178,88.11978056426332,72.54380434363307,65.1179725609756,97.27535688398886,61.40730318934195,101.89927603923401,,80.33567415730337,,,,,,,,,,,,,,,,,,,,,,,0.0,,35.42921325878594,,,197.0603744493392,111.97691141433832,,,,,,23.82345794571418,33.8983850158876,14.33340875157919,53.34889820450979,0.009877684621568851,2.1451969679568164,19.888996784196625
Nigeria,2025,1,0.0,2385588.0,0.0,0.0,150576.0,0.0,0.0,0.0,0.0,0.0,1894676.95,1498029.56,923362.8200000001,590038.4,412243.0,2351888.0,303848.0,3125322.0,447.0,32943.0,10337.0,2696472.0,3563837.0,0.0,0.0,0.0,0.0,31075.61,113642.95999999999,15557.85,32943.0,0.0,0.0,48469,,,-1.0,-1.0,73.33283732707056,71.48225258066844,,,,71.28984205224148,,,,,,,14.256020408163264,,,,98.47870323568148,44.232327044025155,,82.3715888764673,83.8164968895801,70.46437998549673,86.18549837284984,,108.75231691758103,,103.05880018894663,100.57448750599785,55.48223674655048,83.8164968895801,70.46291989466854,66.61986856928276,97.37139049695512,62.108826157595445,103.05880018894663,98.47870323568148,78.03006134969326,,,,,,,99.81413016543983,,,,,,,,,,,,,,,,0.0,,35.33103064066852,28.07320170674942,,355.97564053537286,105.07077237354086,,,,,,25.610689978563773,35.65937547848721,15.91026699586587,50.95560882713214,0.04295341448476497,2.1521049609554432,19.80230496861124
Nigeria,2025,2,0.0,2412652.0,0.0,0.0,164143.0,0.0,0.0,0.0,0.0,0.0,1945456.56,1645916.2,983517.7999999999,625321.53,452707.0,2399913.0,306825.0,3176016.0,427.0,32402.0,8748.0,2680414.0,3645875.0,0.0,0.0,0.0,0.0,28135.7,89386.1,16295.230000000001,32402.0,0.0,0.0,48467,,,-1.0,-1.0,71.4308635939541,69.98378695620278,,,,70.28771481874382,,,,,,,22.48214953271028,,,,98.8165738665124,57.08342245989305,,75.74187193692734,84.85467867376177,68.9742521631644,85.58802792403159,,108.0606101025071,,101.4522055007784,100.76362989725641,188971.6974062739,84.85467867376177,68.97181498648126,64.20929024583663,97.72339969604863,60.969323076923075,101.4522055007784,98.8165738665124,80.1746961325967,,,,,,,99.96360207484254,,,,,,,,,,,,,,,,0.0,,34.43008403361345,27.51077125363058,,216.20473477406682,110.70731720930232,,,,,,27.520994487827284,37.13620808451998,18.638514584290306,50.8662119124177,0.6792830347573113,2.1421007502679528,19.436276029704484
Nigeria,2025,3,0.0,2479350.0,0.0,0.0,147334.0,0.0,0.0,0.0,0.0,0.0,1850092.15,1612989.6600000001,1075845.83,649963.71,367017.0,2475153.0,284203.0,3284434.0,476.0,34842.0,11874.0,2362136.0,3732220.0,0.0,0.0,0.0,0.0,29351.4,78699.2,13373.380000000001,34842.0,0.0,0.0,48467,,,-1.0,-1.0,71.01008903467667,69.46578949390923,,,,69.71167961127902,,,,,,,14.227904761904762,,,,98.40502083649038,47.102910052910055,,80.28660052959385,82.97284498207885,68.56844314751459,86.79244412929728,,111.38478365045808,,108.9615254237288,101.83085002365559,64.87514184397163,82.96217547000896,68.56390301810865,64.70108808290155,96.95787006611505,63.8436373220875,108.95590338770388,98.40502083649038,79.17291005291005,,,,,,,101.46187133367002,,,,,,,,,,,,,,,,0.0,,34.235526793823794,27.054436001143934,,1319.2960156249999,128.39265785938198,,,,,,29.59397603736028,38.4241417853315,21.838587505741845,53.532868243760525,1.407843745215128,2.3374370310825294,20.78316567141326
Nigeria,2025,4,0.0,2752532.0,0.0,0.0,129882.0,0.0,0.0,0.0,0.0,0.0,1940975.31,1551465.62,1057186.1199999999,636685.43,375119.0,2817705.0,322554.0,3712536.0,482.0,57941.0,11701.0,2659277.0,4165723.0,0.0,0.0,0.0,0.0,28393.07,95506.48,10715.970000000001,57941.0,0.0,0.0,48467,,,-1.0,-1.0,71.7554461756374,70.08789371235493,,,,71.26337373663395,,,,,,,18.268333333333334,,,,98.67698955537826,37.02788888888889,,76.48401665713469,83.3309149762624,69.21299215927435,88.85006344283096,,104.89685310887863,,110.93439784301978,101.23871392062539,53.560813771518,83.41508561643836,69.21138949713803,64.33297775947281,97.14030548510429,62.53104198280222,110.95611510791367,98.67698955537826,71.90977900552487,,,,,,,101.10585043336543,,,,,,,,,,,,,,,,0.0,,35.881967713787084,27.580880218493952,,309.7785686653772,101.1641187947106,,,,,,29.784109822385545,38.53053207778288,23.032252526412492,58.90746344357679,2.3976734037666514,2.0475097611391826,20.241065303935077
Nigeria,2025,5,0.0,2696843.0,0.0,0.0,121054.0,0.0,0.0,0.0,0.0,0.0,1913391.12,1588731.32,1077261.84,660330.67,312961.0,2756118.0,428655.0,3526993.0,590.0,90539.0,9418.0,2614077.0,4131855.0,0.0,0.0,0.0,0.0,32759.129999999997,94323.89,13332.69,90700.0,0.0,0.0,48466,,,-1.0,-1.0,73.43352080268568,71.81445960008921,,,,71.34457109981071,,,,,,,21.153636363636366,2.99,,48.43,98.45526710816777,48.86426966292135,,81.03422520886306,85.69114734299517,70.5774924766483,87.6076624357099,88.89,104.53393758668516,,101.43987638256343,101.06117205366672,56.464610492845786,85.69114734299517,70.5774924766483,65.05597974289054,96.93023861925171,61.10977509599561,101.33345207253886,98.45526710816777,75.3988524590164,,,,,,,103.73620063072534,,,,,,,,,,,,,,,,0.0,,36.17957429390094,28.046881507581457,71.43,190.5786372745491,100.2901190733925,,,,,,29.274760656114225,37.15230750090914,23.10189867360805,65.47063352919784,2.6892428273393687,1.8734507244435088,19.33625356479798
Nigeria,2025,6,0.0,3445426.0,0.0,0.0,164177.0,0.0,0.0,0.0,0.0,0.0,2255094.98,1637211.44,1108459.5,637547.1,457001.0,3508321.0,399442.0,4724976.0,387.0,96749.0,9697.0,3129900.0,5262215.0,0.0,0.0,0.0,0.0,28700.41,101778.19,15149.32,96895.0,0.0,0.0,48466,,,-1.0,-1.0,76.20830919650078,74.01257397310069,,,,71.95791636363636,,,,,,,15.272018348623854,6.02,,46.346666666666664,107.32703204411924,43.0829375,,100.74591628999538,84.96275157232705,73.07645099613782,92.30321847098215,63.52333333333333,126.81396565389696,,102.22867507886436,101.26828798566788,51.226365092073664,84.96275157232705,73.07645099613782,64.91276676829268,106.34854855195913,60.71392478813559,102.18138731952293,107.32703204411924,75.46735849056604,,,,,,,102.04533129984199,,,,,,,,,,,,,,,,0.0,,36.378479904496615,28.7831674593048,81.56333333333333,532.3334205231389,142.0802616516762,,,,,,27.44723486515972,34.47182115719563,22.73642946006469,76.31170593526902,6.139769364748216,1.729244167129213,17.791354527532683
Nigeria,2025,7,0.0,3332348.0,0.0,0.0,121565.0,0.0,0.0,0.0,0.0,0.0,103364174.32,1762612.18,1146208.21,673996.88,330003.0,3359278.0,358582.0,4260418.0,507.0,46466.0,9740.0,3048590.0,4789324.0,0.0,0.0,0.0,0.0,44064.36,104770.48,25158.06,47156.0,0.0,0.0,48466,,,-1.0,-1.0,74.78332753434091,73.77023969903262,,,,71.87828636053567,,,,,,,11.97780701754386,6.265000000000001,,65.82,98.75589841247242,52.09239795918368,,79.33054659781502,82.9086799693016,72.98826606368947,1832.8393377544019,66.925,114.97585061020439,100.0,98.77456753554502,101.31943304654754,46.74298461538462,82.91523590333716,72.98826606368947,65.91501116902457,97.1616771974427,61.60310583580613,98.76524305555556,98.75985114490224,73.99654450261781,,,,,,,101.81715990885087,,,,,,,,,,,,,,,,0.0,,35.35289166017147,29.402125909281335,130.8475,210.49778225806452,105.65186358381503,,,,,,25.484184546481135,31.572271517981893,21.35967538806056,83.16706853982046,6.881080827607327,1.9062841885658508,14.863168028786342
Nigeria,2025,8,0.0,3416717.0,0.0,0.0,119970.0,0.0,0.0,0.0,0.0,0.0,1940468.48,1700780.66,1188379.64,722589.93,416901.0,3411209.0,378797.0,4267573.0,684.0,57302.0,12484.0,3132592.0,4896193.0,0.0,0.0,0.0,0.0,91954.75,110892.24,17578.42,57302.0,0.0,0.0,48466,,,-1.0,-1.0,76.39973526437446,74.90094032355987,,,,72.14034623217923,,,,,,,14.546183206106871,,,,99.12673992414307,49.332565217391306,,79.45856782864344,85.59393927598288,74.15954081249531,86.71517224118315,77.725,128.63116529543754,,117.97264194669756,101.39869622331692,67.2944452717796,85.58781189273222,74.15954081249531,64.17262603461249,97.77536569940476,62.393252544837615,117.92072790294627,99.13271502039369,79.36448430493273,,,,,,,101.41107701174266,,,,,,,,,,,,,,,,0.0,,36.0228243670886,29.86338924518994,,237.6608741258741,114.90254446288832,,,,,,24.991787662449518,30.96481271651961,21.053921947671636,84.45376672344824,5.140392367025858,1.7748911899247806,14.704883916779911
Nigeria,2025,9,0.0,3324146.0,0.0,0.0,208615.0,0.0,0.0,0.0,0.0,0.0,2019226.23,1674977.25,1217227.73,765867.71,390957.0,3301789.0,453363.0,4100390.0,725.0,58666.0,10971.0,3126304.0,4743796.0,0.0,0.0,0.0,0.0,48315.880000000005,114302.02,18167.23,58658.0,0.0,0.0,48466,,,-1.0,-1.0,75.55853023832987,73.87930281257898,,,,71.75894448449891,,,,,,,23.7463309352518,14.24,1.18,11.45,98.02691759736541,54.94201754385965,,79.91306391839903,85.28604182804028,72.9936605682553,85.88370069022261,63.95,106.48407401902497,,114.97868680999419,101.02045556909219,57.89251846381093,85.28604182804028,72.9936605682553,65.62585666293393,96.66096491228069,61.34340761374188,115.03411491584446,98.02934310239557,81.17995614035087,,,,,,,100.80779360338046,,,,,,,,,,,,,,,,0.0,,35.77140508806262,29.391003613161132,8.55,188.88959390862945,125.5153392815215,,,,,,25.595893352728385,31.807347024709554,21.21041820583,83.55510881007523,5.996164373074052,1.3925080865887036,16.340729994066646
Nigeria,2025,10,0.0,3212339.0,0.0,0.0,151305.0,0.0,0.0,0.0,0.0,0.0,2058565.63,1633155.8,1163176.88,744132.14,332416.0,3252042.0,402994.0,4201240.0,718.0,58383.0,10304.0,3347017.0,4731164.0,0.0,0.0,0.0,0.0,37092.97,110965.7,14216.03,58383.0,0.0,0.0,48467,,,-1.0,-1.0,74.18181771520752,72.9375582657788,,,,71.43880467421585,,,,,,,15.454765625,,,50.0,99.4201940737552,46.12281553398058,,80.85743558890148,83.25910292350821,72.18736920095749,85.91552358296353,,105.63259115593485,,106.53945118059988,100.92837513469327,56.94344936708861,83.25910292350821,72.18736920095749,67.60237819025522,97.71403436865458,63.2786471479051,106.53945118059988,99.6434910809128,78.07747663551403,,,,,,,101.81085303899711,,,,,,,,,,,,,,,,0.0,,35.251420500403555,29.00446448486713,,507.19007155635063,169.50478939157568,,,,,,25.993037436839685,33.20839879038432,20.021933662532536,76.37647986525799,3.9891477185729594,1.3029566681978257,18.354722860205175
Nigeria,2025,11,0.0,2553888.0,0.0,0.0,81263.0,0.0,0.0,0.0,0.0,0.0,1858093.98,1548188.99,1211090.85,703903.55,225463.0,2581021.0,367371.0,3292999.0,433.0,51026.0,14203.0,2604643.0,3778450.0,0.0,0.0,0.0,0.0,35027.47,103358.08,11866.04,51026.0,0.0,0.0,48467,,,-1.0,-1.0,73.74408722146764,72.21843248723611,,,,71.7334925059735,,,,,,,13.35894736842105,,,74.49,98.3191733936067,39.54726708074534,,76.44476803394625,84.35721912350597,71.84165147412182,85.99951081241714,313.89,108.08487732489117,,104.45854300385109,103.45271484664396,52.121877104377106,84.35721912350597,71.84165147412182,65.65112600536193,96.98072482360487,62.85034769071095,104.46140655105974,98.35837797127007,75.65406060606061,,,,,,,101.49593491773308,,,,,,,,,,,,,,,,0.0,,35.988016260162595,28.979772455089822,34.78,1817.5301356589143,105.16456992777414,,,,,,26.413581189710612,34.956355649977034,18.892489281886387,62.07541322155872,1.5695902235492267,1.545522890828357,19.529440361353544
Nigeria,2025,12,0.0,2554252.0,0.0,0.0,110435.0,0.0,0.0,0.0,0.0,0.0,2058039.81,1695413.66,1230050.5999999999,818766.43,292981.0,2569054.0,303274.0,3352636.0,480.0,47651.0,7434.0,2454500.0,3780621.0,0.0,0.0,0.0,0.0,31548.48,98074.59,11105.43,47651.0,0.0,0.0,48467,,,-1.0,-1.0,73.13842626464177,72.21044540020411,,,,71.95473163995784,,,,,,,10.30381443298969,,,50.0,99.26486269280669,40.49948717948718,,75.16482103621802,84.17052825552825,70.90636443729412,88.47899392888118,100.0,105.39976090669151,,103.4124934383202,101.41689396763852,52.2994196804037,84.17052825552825,70.90636443729412,65.30995645288995,97.98743412347359,75.21720021413275,103.4124934383202,100.03368860788078,75.09123376623376,,,,,,,101.26787800750496,,,,,,,,,,,,,,,,0.0,,35.92774801172038,28.798041833210448,119.05,461.1478616352201,95.25608201581028,,,,,,26.72518756698821,35.36637880875823,18.958954409738173,56.88003559944878,0.5502557035676007,1.6823579849946408,
Nigeria,2026,1,0.0,2221230.0,0.0,0.0,98499.0,0.0,0.0,0.0,0.0,0.0,1888852.97,1598379.5899999999,1118796.72,740341.5399999999,240483.0,2212112.0,299923.0,2977167.0,409.0,35878.0,8572.0,2616645.0,3407410.0,0.0,0.0,0.0,0.0,29039.27,92430.04,19569.39,35878.0,0.0,0.0,48466,,,-1.0,-1.0,71.34163529856387,70.29696203949086,,,,72.09075466775985,,,,,,,14.892549019607843,7.276666666666666,1.0,49.0,98.66877969483134,47.623176470588234,4.0,73.96901726331092,82.8065656996587,69.44441311423977,85.82458364243324,51.56,105.0171813129559,,106.78336266499056,101.48719138994217,70.23969162995596,82.8065656996587,69.44441311423977,67.20590741499386,97.31882877296333,66.40612806403202,106.78336266499056,98.66877969483134,76.07581818181818,,,,,,,101.55610301043667,,,,,,,,,,,,,,,,0.0,,35.923559912854024,28.489378147927823,58.29,537.3811264822135,111.44079273565869,,,,,,,,,,,,
Nigeria,2026,2,0.0,2261858.0,0.0,0.0,126658.0,0.0,0.0,0.0,0.0,0.0,1940653.4,1689417.03,1147097.55,751947.37,311597.0,2250264.0,320335.0,3022916.0,379.0,35407.0,11377.0,2613861.0,3468558.0,0.0,0.0,0.0,0.0,35015.08,98714.81,12399.42,35407.0,0.0,0.0,48466,,,-1.0,-1.0,70.99031695661913,69.64755604638322,,,,71.23780124908156,,,,,,,19.790208333333336,,,100.0,98.76009610484164,167.8762987012987,,74.66334538037644,83.38221138211382,68.60495840266223,85.61142251981416,,107.0214099627827,,113.86575167376749,100.81883338352658,53.4295983935743,83.38221138211382,68.60495840266223,66.67122400941547,97.2914885000382,67.2064468503937,113.84090133982949,98.75996068008882,72.68789115646258,,,,,,,101.36443718201063,,,,,,,,,,,,,,,,0.0,,34.97470078415188,28.028906795278985,34.69,361.630556621881,104.83720102323598,,,,,,,,,,,,
Nigeria,2026,3,0.0,2212308.0,0.0,0.0,112711.0,0.0,0.0,0.0,0.0,0.0,1930674.67,1679320.6,1216223.75,803791.05,262335.0,2381389.0,318089.0,2928053.0,413.0,32425.0,8616.0,1521805.0,4500446.0,0.0,0.0,0.0,0.0,32045.09,92710.97,8300.74,32425.0,0.0,0.0,48466,,,-1.0,-1.0,75.63823605117723,73.55087256584346,,,,70.96987073943006,,,,,,,16.411444444444445,,,,99.34750847707504,42.3331884057971,,228.43421934639574,81.50375160599572,72.9294140716919,85.17218924275245,,106.17617865612648,,104.93764150943397,101.07328958913517,47.77218095238095,81.49582690659813,72.93096717260853,66.84714404317144,98.04224087252476,69.61743146603098,104.90290882778582,99.34748442740776,75.20544217687075,,,,,,,106.63100902255638,,,,,,,,,,,,,,,,0.0,,34.73489102005231,27.695935884177867,,225.65469957081544,97.4598531535869,,,,,,,,,,,,
Nigeria,2026,4,0.0,0.0,0.0,0.0,0.0,0.0,0.0,0.0,0.0,0.0,0.0,0.0,0.0,0.0,0.0,0.0,0.0,0.0,0.0,0.0,0.0,0.0,0.0,0.0,0.0,0.0,0.0,0.0,0.0,0.0,0.0,0.0,0.0,48466,,,-1.0,-1.0,,,,,,,,,,,,,,,,,,,,,,,,,,,,,,,,,,,,,,,,,,,,,,,,,,,,,,,,,,,,0.0,,,,,,,,,,,,,,,,,,
Nigeria,2026,5,0.0,0.0,0.0,0.0,0.0,0.0,0.0,0.0,0.0,0.0,0.0,0.0,0.0,0.0,0.0,0.0,0.0,0.0,0.0,0.0,0.0,0.0,0.0,0.0,0.0,0.0,0.0,0.0,0.0,0.0,0.0,0.0,0.0,48466,,,-1.0,-1.0,,,,,,,,,,,,,,,,,,,,,,,,,,,,,,,,,,,,,,,,,,,,,,,,,,,,,,,,,,,,0.0,,,,,,,,,,,,,,,,,,
Nigeria,2026,6,0.0,0.0,0.0,0.0,0.0,0.0,0.0,0.0,0.0,0.0,0.0,0.0,0.0,0.0,0.0,0.0,0.0,0.0,0.0,0.0,0.0,0.0,0.0,0.0,0.0,0.0,0.0,0.0,0.0,0.0,0.0,0.0,0.0,48466,,,-1.0,-1.0,,,,,,,,,,,,,,,,,,,,,,,,,,,,,,,,,,,,,,,,,,,,,,,,,,,,,,,,,,,,0.0,,,,,,,,,,,,,,,,,,
Nigeria,2026,7,0.0,0.0,0.0,0.0,0.0,0.0,0.0,0.0,0.0,0.0,0.0,0.0,0.0,0.0,0.0,0.0,0.0,0.0,0.0,0.0,0.0,0.0,0.0,0.0,0.0,0.0,0.0,0.0,0.0,0.0,0.0,0.0,0.0,48465,,,-1.0,-1.0,,,,,,,,,,,,,,,,,,,,,,,,,,,,,,,,,,,,,,,,,,,,,,,,,,,,,,,,,,,,0.0,,,,,,,,,,,,,,,,,,
Nigeria,2026,8,0.0,0.0,0.0,0.0,0.0,0.0,0.0,0.0,0.0,0.0,0.0,0.0,0.0,0.0,0.0,0.0,0.0,0.0,0.0,0.0,0.0,0.0,0.0,0.0,0.0,0.0,0.0,0.0,0.0,0.0,0.0,0.0,0.0,48465,,,-1.0,-1.0,,,,,,,,,,,,,,,,,,,,,,,,,,,,,,,,,,,,,,,,,,,,,,,,,,,,,,,,,,,,0.0,,,,,,,,,,,,,,,,,,
Nigeria,2026,9,0.0,0.0,0.0,0.0,0.0,0.0,0.0,0.0,0.0,0.0,0.0,0.0,0.0,0.0,0.0,0.0,0.0,0.0,0.0,0.0,0.0,0.0,0.0,0.0,0.0,0.0,0.0,0.0,0.0,0.0,0.0,0.0,0.0,48465,,,-1.0,-1.0,,,,,,,,,,,,,,,,,,,,,,,,,,,,,,,,,,,,,,,,,,,,,,,,,,,,,,,,,,,,0.0,,,,,,,,,,,,,,,,,,
Nigeria,2026,10,0.0,0.0,0.0,0.0,0.0,0.0,0.0,0.0,0.0,0.0,0.0,0.0,0.0,0.0,0.0,0.0,0.0,0.0,0.0,0.0,0.0,0.0,0.0,0.0,0.0,0.0,0.0,0.0,0.0,0.0,0.0,0.0,0.0,48464,,,-1.0,-1.0,,,,,,,,,,,,,,,,,,,,,,,,,,,,,,,,,,,,,,,,,,,,,,,,,,,,,,,,,,,,0.0,,,,,,,,,,,,,,,,,,
Nigeria,2026,11,0.0,0.0,0.0,0.0,0.0,0.0,0.0,0.0,0.0,0.0,0.0,0.0,0.0,0.0,0.0,0.0,0.0,0.0,0.0,0.0,0.0,0.0,0.0,0.0,0.0,0.0,0.0,0.0,0.0,0.0,0.0,0.0,0.0,48464,,,-1.0,-1.0,,,,,,,,,,,,,,,,,,,,,,,,,,,,,,,,,,,,,,,,,,,,,,,,,,,,,,,,,,,,0.0,,,,,,,,,,,,,,,,,,
Nigeria,2026,12,0.0,0.0,0.0,0.0,0.0,0.0,0.0,0.0,0.0,0.0,0.0,0.0,0.0,0.0,0.0,0.0,0.0,0.0,0.0,0.0,0.0,0.0,0.0,0.0,0.0,0.0,0.0,0.0,0.0,0.0,0.0,0.0,0.0,48464,,,-1.0,-1.0,,,,,,,,,,,,,,,,,,,,,,,,,,,,,,,,,,,,,,,,,,,,,,,,,,,,,,,,,,,,0.0,,,,,,,,,,,,,,,,,,
