state_ocha,lga_ocha,adm2_pcode,area_sqkm,center_lat,center_lon,elevation
Abia,Aba North,NG001001,18.68539623,5.10828476,7.34210126,55.0
Abia,Aba South,NG001002,43.29821492,5.08425145,7.34909169,53.0
Borno,Abadam,NG008001,3916.25182832,13.39477626,13.27446584,294.0
Federal Capital Territory,Abaji,NG015001,831.96001657,8.83960899,6.81854106,106.0
Akwa Ibom,Abak,NG003001,178.16627267,5.00440454,7.79893988,61.0
Ebonyi,Abakaliki,NG011001,463.37249077,6.25661359,8.24423529,51.0
Ogun,Abeokuta North,NG028001,768.45355298,7.24344819,3.17280773,157.0
Ogun,Abeokuta South,NG028002,56.30327854,7.15640586,3.36711725,88.0
Cross River,Abi,NG009001,267.93306602,5.88298543,8.02916214,16.0
Imo,Aboh-Mbaise,NG017001,176.202664,5.41889337,7.25912039,113.0
Rivers,Abua/Odual,NG033001,716.08233529,4.84693957,6.56003275,29.0
Federal Capital Territory,Abuja Municipal,NG015002,1722.75199671,8.88218392,7.41810324,380.0
Kogi,Adavi,NG023001,713.36348885,7.6844146,6.4667002,115.0
Benue,Ado,NG007001,1187.06260047,6.78012596,8.06136278,71.0
Ogun,Ado-Odo/Ota,NG028003,854.08711711,6.62967965,3.0799022,19.0
Ekiti,Ado Ekiti,NG013001,361.10623616,7.62738608,5.2517695,404.0
Oyo,Afijio,NG031001,331.14854671,7.74917117,3.85701186,267.0
Ebonyi,Afikpo North,NG011002,239.1334902,5.85840155,7.92297533,18.0
Ebonyi,Afikpo South,NG011003,377.04913815,5.82745909,7.78391415,66.0
Niger,Agaie,NG027001,1919.95910988,8.93361622,6.43043197,132.0
Benue,Agatu,NG007002,1047.66594818,7.87597626,7.8951085,85.0
Lagos,Agege,NG025001,11.47768808,6.62601125,3.31509549,47.0
Anambra,Aguata,NG004001,173.49768821,5.98251691,7.09285487,238.0
Niger,Agwara,NG027002,1471.63704529,10.73332971,4.53867261,202.0
Imo,Ahiazu-Mbaise,NG017002,113.89882677,5.56319953,7.26362692,156.0
Rivers,Ahoada East,NG033002,318.15296592,5.05207354,6.64173202,17.0
Rivers,Ahoada West,NG033003,440.40993381,5.04685692,6.51515872,15.0
Osun,Aiyedade,NG030001,762.43886155,7.32926948,4.33974947,202.0
Osun,Aiyedire,NG030002,302.89474821,7.5706946,4.23221708,244.0
Ekiti,Aiyekire (Gbonyin),NG013002,434.51310569,7.60170527,5.51244205,395.0
Kogi,Ajaokuta,NG023002,1380.92119183,7.50297395,6.56938771,182.0
Lagos,Ajeromi-Ifelodun,NG025002,12.75628005,6.45589452,3.33682909,4.0
Kano,Ajingi,NG020001,714.36733338,11.99154505,9.07502572,418.0
Cross River,Akamkpa,NG009002,5028.47402601,5.38760969,8.52822975,139.0
Oyo,Akinyele,NG031002,596.67756633,7.56853196,3.89041824,241.0
Gombe,Akko,NG016001,2452.52869117,10.10500047,10.99442964,418.0
Edo,Akoko-Edo,NG012001,1341.57313518,7.3523936,6.12523522,358.0
Ondo,Akoko North East,NG029001,343.96615395,7.5633144,5.93160311,319.0
Ondo,Akoko North West,NG029002,569.18933388,7.63414892,5.80536367,450.0
Ondo,Akoko South East,NG029003,222.03861316,7.42249084,5.90506058,412.0
Ondo,Akoko South West,NG029004,489.8055689,7.40265112,5.70589753,362.0
Cross River,Akpabuyo,NG009003,793.44744868,4.90119648,8.48230229,21.0
Rivers,Akuku Toru,NG033004,1246.89062222,4.53746798,6.70521904,0.0
Ondo,Akure North,NG029005,675.8079972,7.25627399,5.32168649,335.0
Ondo,Akure South,NG029006,308.06386522,7.2116343,5.17930833,355.0
Nasarawa,Akwanga,NG026001,935.7726518,9.0282062,8.34413178,488.0
Kano,Albasu,NG020002,444.12486853,11.62668995,9.02940029,426.0
Kebbi,Aleiro,NG022001,334.93879479,12.3198819,4.45684613,265.0
Lagos,Alimosho,NG025003,183.55972283,6.58434303,3.26019246,25.0
Bauchi,Alkaleri,NG005001,6015.07628538,9.89624995,10.44514975,376.0
Lagos,Amuwo-Odofin,NG025004,138.75667109,6.4460624,3.27479161,6.0
Anambra,Anambra East,NG004002,258.82737297,6.3134418,6.90045975,147.0
Anambra,Anambra West,NG004003,953.64598908,6.49256952,6.77657859,27.0
Anambra,Anaocha,NG004004,100.75667347,6.09114999,7.02616485,198.0
Rivers,Andoni,NG033005,251.19059117,4.51008224,7.4071609,4.0
Enugu,Aninri,NG014001,369.55473429,6.06792594,7.59710863,59.0
Delta,Aniocha North,NG010001,404.46681951,6.36799399,6.47028053,280.0
Delta,Aniocha South,NG010002,870.4803051,6.14492469,6.4739027,186.0
Zamfara,Anka,NG037001,2548.70604501,11.985259,5.98625189,399.0
Kogi,Ankpa,NG023003,1281.44048084,7.4964375,7.62737565,426.0
Benue,Apa,NG007003,927.2803983,7.63220916,7.90533345,138.0
Lagos,Apapa,NG025005,20.06657372,6.44839858,3.36684353,4.0
Taraba,Ardo-Kola,NG035001,2258.27806352,8.84709878,11.13251965,173.0
Kebbi,Arewa-Dandi,NG022002,4021.72574255,12.68517545,4.01616739,250.0
Kebbi,Argungu,NG022003,1097.09006229,12.70736023,4.48360093,215.0
Abia,Arochukwu,NG001003,521.34940847,5.51851531,7.86940454,114.0
Kwara,Asa,NG024001,1335.82091529,8.46913297,4.38153025,320.0
Rivers,Asari-Toru,NG033006,115.01940087,4.75515188,6.82812045,0.0
Borno,Askira/Uba,NG008002,2499.53612164,10.63665327,12.84627077,453.0
Osun,Atakumosa East,NG030003,463.95014576,7.41027699,4.75236666,252.0
Osun,Atakumosa West,NG030004,371.55696446,7.5709572,4.64244742,479.0
Oyo,Atiba,NG031003,1810.22447767,8.22743172,3.86733246,311.0
Oyo,Atigbo,NG031004,2884.68181663,8.40590333,3.24728814,350.0
Kebbi,Augie,NG022004,1139.88402816,12.9416964,4.5535747,267.0
Jigawa,Auyo,NG018001,424.06241667,12.33805241,9.91935706,363.0
Nasarawa,Awe,NG026002,2641.14157117,8.21345859,9.16527979,155.0
Enugu,Awgu,NG014002,441.58805605,6.17313265,7.45124783,288.0
Anambra,Awka North,NG004005,345.40147309,6.33975053,7.06049307,32.0
Anambra,Awka South,NG004006,173.42762836,6.19303161,7.09343808,59.0
Anambra,Ayamelum,NG004007,590.32288353,6.53462303,6.97479742,36.0
Jigawa,Babura,NG018002,1001.97422091,12.6128072,8.8383107,396.0
Lagos,Badagry,NG025006,452.45813033,6.44341303,2.96956619,5.0
Yobe,Bade,NG036001,833.60875373,12.78435332,10.67716815,346.0
Kebbi,Bagudo,NG022005,5084.17592651,11.31468053,3.85336387,185.0
Kano,Bagwai,NG020003,422.71216881,12.09819036,8.12494443,535.0
Cross River,Bakassi,NG009005,4.19757528,4.80714392,8.5623645,-43.0
Katsina,Bakori,NG021001,753.81208852,11.64566972,7.42889986,636.0
Zamfara,Bakura,NG037002,1501.64652054,12.55534979,5.86627528,349.0
Gombe,Balanga,NG016002,1604.07844845,9.81612358,11.71643559,656.0
Taraba,Bali,NG035002,9133.64374035,8.09062575,10.95226196,181.0
Borno,Bama,NG008003,5017.65311567,11.54127516,14.15376471,304.0
Plateau,Barikin Ladi,NG032001,996.77364064,9.57405827,8.97100379,1250.0
Kwara,Baruten,NG024002,9677.77010858,9.37993607,3.48075208,378.0
Kogi,Bassa,NG023004,1935.03604254,7.74679918,6.96106946,190.0
Plateau,Bassa,NG032002,1647.5713531,10.06383525,8.80861133,1148.0
Katsina,Batagarawa,NG021002,523.92434972,12.87906428,7.5305573,533.0
Katsina,Batsari,NG021003,1178.51137262,12.82686234,7.25837204,451.0
Bauchi,Bauchi,NG005002,3653.84984517,10.24457946,9.95555991,531.0
Katsina,Baure,NG021004,789.56382531,12.79355527,8.78158752,396.0
Borno,Bayo,NG008004,946.85578936,10.44724674,11.70467597,305.0
Kano,Bebeji,NG020004,724.64000994,11.5255099,8.32778333,511.0
Cross River,Bekwara,NG009006,314.7980289,6.70509558,8.89397306,98.0
Abia,Bende,NG001004,618.80693405,5.6371593,7.56901872,167.0
Cross River,Biase,NG009007,1292.67409171,5.54736806,8.05202662,72.0
Kano,Bichi,NG020005,687.79023381,12.28820362,8.30100099,504.0
Niger,Bida,NG027003,52.10637694,9.09942463,6.01565672,138.0
Gombe,Billiri,NG016003,761.56812765,9.84244729,11.12729801,382.0
Katsina,Bindawa,NG021005,497.37758099,12.70927628,7.87762204,507.0
Sokoto,Binji,NG034001,828.1789621,13.18353188,4.79468145,254.0
Jigawa,Biriniwa,NG018003,1592.799118,12.82497496,10.09204274,354.0
Jigawa,Birni Kudu,NG018004,1403.58124053,11.49040509,9.46174257,445.0
Kaduna,Birnin-Gwari,NG019001,6529.22970351,10.88233441,6.65432123,561.0
Kebbi,Birnin Kebbi,NG022006,1072.12046686,12.49876902,4.29059884,245.0
Zamfara,Birnin Magaji,NG037003,1239.957662,12.45427328,6.86857104,472.0
Borno,Biu,NG008005,3282.29751951,10.80412308,12.12250666,670.0
Sokoto,Bodinga,NG034002,637.81752326,12.79945513,5.17944646,305.0
Bauchi,Bogoro,NG005003,890.4831585,9.62523492,9.62769522,687.0
Cross River,Boki,NG009008,2885.63328924,6.270648,9.04285908,145.0
Plateau,Bokkos,NG032003,1721.49071495,9.22994134,8.8895093,1319.0
Osun,Boluwaduro,NG030005,148.93490314,7.94626505,4.81057622,567.0
Delta,Bomadi,NG010003,128.71230952,5.22552988,5.80972951,21.0
Rivers,Bonny,NG033007,551.54524838,4.51006675,7.19993058,0.0
Niger,Borgu,NG027004,11255.5444346,10.24135646,4.08349306,239.0
Osun,Boripe,NG030006,144.25426325,7.86220208,4.67029729,374.0
Niger,Bosso,NG027005,1519.70633458,9.59785356,6.34521685,226.0
Bayelsa,Brass,NG006001,943.50332519,4.41716504,6.10600524,0.0
Jigawa,Buji,NG018005,568.76829096,11.54765184,9.71537264,413.0
Zamfara,Bukkuyum,NG037004,3296.08348095,11.95119433,5.57416138,332.0
Zamfara,Bungudu,NG037005,2031.39664262,12.03378299,6.4712743,451.0
Kano,Bunkure,NG020006,441.52868698,11.67249003,8.55344839,488.0
Kebbi,Bunza,NG022007,1103.61190605,12.19341369,3.93750452,222.0
Yobe,Bursari,NG036002,3816.70213428,12.69552181,11.4493189,338.0
Benue,Buruku,NG007004,1172.69011481,7.38595209,9.27203709,95.0
Delta,Burutu,NG010004,1933.58568809,5.23413901,5.57100696,6.0
Federal Capital Territory,Bwari,NG015003,1045.92464361,9.23254564,7.47000086,689.0
Cross River,Calabar-Municipal,NG009010,137.53871649,5.01924848,8.3468452,41.0
Cross River,Calabar South,NG009009,188.61762963,4.87796402,8.31193439,14.0
Niger,Chanchaga,NG027006,63.18088169,9.61980436,6.54511127,248.0
Katsina,Charanchi,NG021006,488.75283573,12.5545654,7.67739509,539.0
Borno,Chibok,NG008006,1519.50322987,10.85561848,12.82267256,459.0
Kaduna,Chikun,NG019002,4482.17508055,10.4112452,7.30374467,586.0
Kano,Dala,NG020007,13.4096035,12.02695033,8.49352231,481.0
Yobe,Damaturu,NG036003,2343.70251948,11.82132984,12.01902809,378.0
Bauchi,Damban,NG005004,1098.22209136,11.62944511,10.76196963,422.0
Kano,Dambatta,NG020008,789.99892011,12.42522017,8.64198254,415.0
Borno,Damboa,NG008007,5823.80543317,11.13675964,12.73952517,406.0
Katsina,Dan Musa,NG021007,807.48834831,12.21635492,7.35165675,490.0
Kebbi,Dandi,NG022008,1942.74876255,11.86128335,3.80083781,235.0
Katsina,Dandume,NG021008,479.13007287,11.41431676,7.2064138,691.0
Sokoto,Dange-Shuni,NG034003,1133.80517755,12.83257302,5.42437762,318.0
Katsina,Danja,NG021009,482.57958272,11.41048538,7.59617107,671.0
Bauchi,Darazo,NG005005,3052.47232235,11.10838902,10.50959996,502.0
Bauchi,Dass,NG005006,688.43463513,10.00854863,9.4747717,717.0
Katsina,Daura,NG021010,191.54646578,12.96031495,8.26512929,482.0
Kano,Dawakin Kudu,NG020009,384.47068265,11.79472975,8.70835413,439.0
Kano,Dawakin Tofa,NG020010,437.37030112,12.14687639,8.38219181,499.0
Rivers,Degema,NG033008,986.59806295,4.59591653,6.94341863,7.0
Kogi,Dekina,NG023005,2407.07735304,7.59631583,7.14030454,403.0
Adamawa,Demsa,NG002001,1567.94031018,9.42100058,12.06157633,199.0
Borno,Dikwa,NG008008,1890.87164009,11.9347496,14.08375686,295.0
Kano,Doguwa,NG020011,1489.2835828,10.88955974,8.66953147,665.0
Nasarawa,Doma,NG026003,2487.99197199,8.15641363,8.31503549,305.0
Taraba,Donga,NG035003,3041.17806273,7.66501978,10.10074339,145.0
Gombe,Dukku,NG016004,3692.63237852,10.78727651,10.82155631,495.0
Anambra,Dunukofia,NG004008,53.36724152,6.27902291,6.98013845,77.0
Jigawa,Dutse,NG018006,1029.20955208,11.80509344,9.25824063,409.0
Katsina,Dutsi,NG021011,325.44541607,12.91625348,8.15731183,483.0
Katsina,Dutsin-Ma,NG021012,647.3818987,12.41525172,7.52492722,508.0
Akwa Ibom,Eastern Obolo,NG003002,122.93438546,4.51471019,7.69642569,13.0
Ebonyi,Ebonyi,NG011004,506.10857768,6.55761667,8.11195547,76.0
Niger,Edati,NG027007,911.3737312,9.04689177,5.63848734,255.0
Osun,Ede North,NG030007,101.79389579,7.73170096,4.46655452,306.0
Osun,Ede South,NG030008,215.04647769,7.65920759,4.46369174,312.0
Kwara,Edu,NG024003,2534.69660355,8.84539155,5.21207915,156.0
Ekiti,Efon,NG013003,230.21856142,7.68120443,4.9308306,464.0
Ogun,Egbado North,NG028004,1856.80938578,7.112758,2.9337099,47.0
Ogun,Egbado South,NG028005,728.7377844,6.7673095,2.95455083,76.0
Oyo,Egbeda,NG031005,258.45436204,7.41118323,4.04376956,208.0
Osun,Egbedore,NG030009,268.68258584,7.78310097,4.43573154,298.0
Edo,Egor,NG012002,76.11445039,6.35716867,5.58687476,92.0
Imo,Ehime-Mbano,NG017003,174.29396159,5.68844822,7.29638876,144.0
Osun,Ejigbo,NG030010,363.36050185,7.81092931,4.30989238,319.0
Bayelsa,Ekeremor,NG006002,1815.49232015,4.94131089,5.71546452,7.0
Akwa Ibom,Eket,NG003003,166.20595768,4.63581374,7.95717976,18.0
Kwara,Ekiti,NG024004,475.31998421,8.1070251,5.32431206,367.0
Ekiti,Ekiti East,NG013004,314.46100676,7.72480132,5.66415816,458.0
Ekiti,Ekiti South West,NG013005,336.02361391,7.52346372,5.03335794,397.0
Ekiti,Ekiti West,NG013006,374.17224119,7.71941876,5.044572,452.0
Anambra,Ekwusigo,NG004009,121.91754251,5.99359416,6.83870369,56.0
Rivers,Eleme,NG033009,136.5952792,4.78498511,7.14886228,18.0
Rivers,Emohua,NG033010,833.00098329,5.03159903,6.76356862,25.0
Ekiti,Emure,NG013007,249.94826652,7.4155004,5.50871235,340.0
Enugu,Enugu East,NG014003,391.99965995,6.55859892,7.55743018,180.0
Enugu,Enugu North,NG014004,93.31866435,6.44107845,7.53832064,176.0
Enugu,Enugu South,NG014005,75.29271164,6.39271307,7.51624563,170.0
Lagos,Epe,NG025007,1180.83783565,6.52699232,4.05813678,14.0
Edo,Esan Central,NG012003,263.96423636,6.70470558,6.20792577,405.0
Edo,Esan North East,NG012004,342.03617993,6.78044941,6.42212401,132.0
Edo,Esan South East,NG012005,1305.48175301,6.57680695,6.48608383,203.0
Edo,Esan West,NG012006,515.29657179,6.65464912,6.13966253,237.0
Ondo,Ese-Odo,NG029007,1077.21348129,6.18445919,4.99072372,9.0
Akwa Ibom,Esit - Eket,NG003004,169.41020281,4.64161155,8.07476696,25.0
Akwa Ibom,Essien Udim,NG003005,289.18849534,5.10069108,7.65665324,68.0
Rivers,Etche,NG033011,815.82754508,5.07653212,7.09263876,43.0
Delta,Ethiope East,NG010005,379.80280988,5.66729263,5.97212972,26.0
Delta,Ethiope West,NG010006,537.11030729,5.91132282,5.77585906,21.0
Lagos,Eti-Osa,NG025008,191.03028254,6.46311306,3.58295285,10.0
Akwa Ibom,Etim Ekpo,NG003006,220.36900124,4.95308065,7.57060639,56.0
Akwa Ibom,Etinan,NG003007,172.86412377,4.84574149,7.84314997,44.0
Edo,Etsako Central,NG012007,662.73468936,6.97565627,6.51589204,50.0
Edo,Etsako East,NG012008,1131.6888707,7.18764399,6.51630936,148.0
Edo,Etsako West,NG012009,938.74643079,7.00146947,6.30193277,78.0
Cross River,Etung,NG009011,812.53940412,5.87847971,8.80856514,117.0
Ogun,Ewekoro,NG028006,625.48276678,6.97407234,3.18656019,69.0
Enugu,Ezeagu,NG014006,638.22086274,6.41705535,7.23796008,112.0
Imo,Ezinihitte,NG017004,120.42330348,5.47337275,7.32239137,144.0
Ebonyi,Ezza North,NG011005,413.47215522,6.26368207,7.97949212,62.0
Ebonyi,Ezza South,NG011006,264.10618401,6.12603979,7.99827947,78.0
Kano,Fagge,NG020012,38.55313963,12.02686399,8.52357893,462.0
Kebbi,Fakai,NG022009,2244.86904339,11.4748544,4.92469356,268.0
Katsina,Faskari,NG021013,1682.47577212,11.65548511,7.09388238,631.0
Yobe,Fika,NG036004,2151.52880193,11.35100978,11.18297729,437.0
Adamawa,Fufore,NG002002,4730.05574397,9.24745304,12.75535627,182.0
Gombe,Funakaye,NG016005,1592.47244015,10.81425368,11.44433123,279.0
Yobe,Fune,NG036005,5475.00365598,11.88115959,11.41165814,402.0
Katsina,Funtua,NG021014,422.34294028,11.4335734,7.3444566,680.0
Kano,Gabasawa,NG020013,610.94959642,12.13699487,8.86642646,430.0
Sokoto,Gada,NG034004,1515.21451367,13.67876165,5.73793707,300.0
Jigawa,Gagarawa,NG018007,582.81907168,12.49287775,9.52701799,370.0
Bauchi,Gamawa,NG005007,2936.53778074,12.02943481,10.60841309,374.0
Bauchi,Ganjuwa,NG005008,4889.69236326,10.74717585,10.0430485,494.0
Adamawa,Ganye,NG002003,2094.7955223,8.4377437,11.95467575,542.0
Jigawa,Garki,NG018008,1409.33552608,12.40897502,9.10810313,380.0
Kano,Garko,NG020014,441.93762296,11.55077003,8.84247513,496.0
Kano,Garum Mallam,NG020015,227.82910727,11.66026028,8.39299765,502.0
Taraba,Gashaka,NG035004,8376.55796726,7.50945643,11.33835569,436.0
Taraba,Gassol,NG035005,5543.73463254,8.38282337,10.46509555,142.0
Kano,Gaya,NG020016,567.82767935,11.79272514,9.01790972,428.0
Niger,Gbako,NG027008,1750.318045,9.27903651,5.99737164,131.0
Benue,Gboko,NG007005,1899.69519959,7.40535866,8.88067952,150.0
Yobe,Geidam,NG036006,3840.76594591,12.69485247,12.14033454,327.0
Kano,Gezawa,NG020017,338.93583181,12.05692064,8.74132519,458.0
Bauchi,Giade,NG005009,750.07283838,11.40751959,10.24184832,466.0
Adamawa,Girei,NG002005,1193.35105585,9.420436,12.4602011,192.0
Kaduna,Giwa,NG019003,1985.55171416,11.1193011,7.40977252,636.0
Rivers,Gokana,NG033012,132.74240367,4.6596482,7.29151885,23.0
Gombe,Gombe,NG016006,45.19405034,10.29494147,11.15808541,485.0
Adamawa,Gombi,NG002004,2163.60652361,10.21915318,12.51448619,456.0
Sokoto,Goronyo,NG034006,1708.91802575,13.34754547,5.73657196,302.0
Borno,Gubio,NG008009,2622.98713717,12.70878619,12.76046365,307.0
Sokoto,Gudu,NG034007,3281.83252971,13.45893169,4.44627044,277.0
Yobe,Gujba,NG036007,3468.99320714,11.36383012,11.87769078,453.0
Yobe,Gulani,NG036008,2129.77541982,10.89249304,11.61491403,265.0
Benue,Guma,NG007006,2862.65824885,7.86829135,8.82865353,128.0
Jigawa,Gumel,NG018009,227.41942042,12.63173671,9.39935875,369.0
Zamfara,Gummi,NG037006,2605.41539404,12.01338153,5.15342091,274.0
Niger,Gurara,NG027009,1130.87909285,9.30603276,7.03707102,315.0
Jigawa,Guri,NG018010,1064.13935785,12.64528669,10.48146527,348.0
Zamfara,Gusau,NG037007,2709.39825096,12.20420583,7.01815196,459.0
Adamawa,Guyuk,NG002006,688.35355238,9.84910211,11.91949713,209.0
Borno,Guzamala,NG008010,2515.50653685,12.83552524,13.31916597,294.0
Sokoto,Gwadabawa,NG034005,1006.30494346,13.40847282,5.33754397,293.0
Federal Capital Territory,Gwagwalada,NG015004,1001.07366757,9.07551184,7.05435138,182.0
Kano,Gwale,NG020018,23.63682838,11.97782724,8.48361182,496.0
Kebbi,Gwandu,NG022010,1051.73261398,12.50052227,4.65972733,278.0
Jigawa,Gwaram,NG018011,1858.61748807,11.2088772,10.07110586,473.0
Kano,Gwarzo,NG020019,436.3068318,11.90338284,7.98440765,566.0
Benue,Gwer East,NG007007,1994.36233319,7.37635835,8.38306239,123.0
Benue,Gwer West,NG007008,1431.53695627,7.61294652,8.26523585,112.0
Jigawa,Gwiwa,NG018012,451.54205796,12.74441529,8.28234564,491.0
Borno,Gwoza,NG008011,2932.51884638,11.17720502,13.63155455,363.0
Jigawa,Hadejia,NG018013,32.23341845,12.47444896,10.04787893,358.0
Borno,Hawul,NG008012,2012.94906619,10.4574272,12.29458291,577.0
Adamawa,Hong,NG002007,2660.48996798,10.2707596,13.00010662,543.0
Oyo,Ibadan North,NG031006,38.94356852,7.4182404,3.90615484,217.0
Oyo,Ibadan North East,NG031007,13.22992245,7.39688971,3.93072647,226.0
Oyo,Ibadan North West,NG031008,11.4421433,7.40268185,3.87263132,210.0
Oyo,Ibadan South East,NG031009,14.03543403,7.35706411,3.90548292,182.0
Oyo,Ibadan South West,NG031010,48.16491134,7.37356198,3.85606821,174.0
Kogi,Ibaji,NG023006,1334.99314744,6.77872896,6.75844765,26.0
Oyo,Ibarapa Central,NG031011,683.60562511,7.45490207,3.23401203,206.0
Oyo,Ibarapa East,NG031012,752.5488134,7.58798977,3.46055158,182.0
Oyo,Ibarapa North,NG031013,962.74890392,7.67452048,3.15578851,161.0
Lagos,Ibeju/Lekki,NG025009,452.04133218,6.49511975,3.81597789,18.0
Akwa Ibom,Ibeno,NG003008,243.38210447,4.56345927,8.08897007,19.0
Akwa Ibom,Ibesikpo Asutan,NG003009,175.1215714,4.8963601,7.96617999,53.0
Taraba,Ibi,NG035006,2669.14963536,8.39512245,9.93280564,93.0
Akwa Ibom,Ibiono Ibom,NG003010,336.16748952,5.20024113,7.89535445,86.0
Kogi,Idah,NG023007,134.15157071,7.07174439,6.7345608,31.0
Ondo,Idanre,NG029008,1916.44995728,6.97581976,5.25564596,232.0
Imo,Ideato North,NG017005,182.18492458,5.86897997,7.20631197,115.0
Imo,Ideato South,NG017006,104.1558745,5.81624328,7.12345042,202.0
Anambra,Idemili North,NG004010,132.40535525,6.1367104,6.89332327,178.0
Anambra,Idemili South,NG004011,131.25874073,6.06112856,6.82857629,89.0
Oyo,Ido,NG031014,865.83824465,7.51405304,3.70550754,189.0
Ekiti,Ido-Osi,NG013008,230.93417967,7.86334831,5.19694342,577.0
Lagos,Ifako-Ijaye,NG025010,33.05235308,6.66054742,3.32182296,48.0
Osun,Ife Central,NG030011,110.71952105,7.54636903,4.52802693,354.0
Osun,Ife East,NG030012,191.76311935,7.4045228,4.57030617,255.0
Osun,Ife North,NG030013,900.38343557,7.29762885,4.44975396,187.0
Osun,Ife South,NG030014,738.09093436,7.23898955,4.61355048,220.0
Osun,Ifedayo,NG030015,138.29608282,7.96188866,4.98480672,564.0
Ondo,Ifedore,NG029009,317.40803983,7.35491423,5.10466391,334.0
Kwara,Ifelodun,NG024005,3438.39394602,8.6327047,5.17887766,210.0
Osun,Ifelodun,NG030016,118.9752915,7.90885343,4.63823309,391.0
Ogun,Ifo,NG028007,538.49695132,6.76026795,3.31789549,50.0
Kaduna,Igabi,NG019004,3391.92368959,10.74260477,7.48357192,643.0
Kogi,Igalamela-Odolu,NG023008,2114.04087332,7.03791724,7.07207741,46.0
Enugu,Igbo-Etiti,NG014007,333.98684058,6.69040967,7.39218014,414.0
Enugu,Igbo-Eze North,NG014008,304.00237319,7.01793805,7.4679947,375.0
Enugu,Igbo-Eze South,NG014009,170.14476465,6.95598501,7.36208885,295.0
Edo,Igueben,NG012010,349.4988753,6.5094352,6.24747412,273.0
Anambra,Ihiala,NG004012,240.83021403,5.84458009,6.85812531,116.0
Imo,Ihitte/Uboma,NG017007,108.43018101,5.64694741,7.38185638,111.0
Ogun,Ijebu East,NG028008,2169.36823704,6.81814658,4.251233,86.0
Ogun,Ijebu North,NG028009,953.74066558,7.03213093,3.99145715,67.0
Ogun,Ijebu North East,NG028010,212.19941027,6.87088924,4.02626593,60.0
Ogun,Ijebu Ode,NG028011,142.61396466,6.76696399,3.95962987,27.0
Ekiti,Ijero,NG013009,376.8517079,7.83173582,5.05835534,558.0
Kogi,Ijumu,NG023009,1282.45624253,7.83755053,5.89404243,502.0
Akwa Ibom,Ika,NG003011,114.66776512,5.01641372,7.54292693,68.0
Delta,Ika North East,NG010007,467.70072246,6.23676851,6.32092515,195.0
Delta,Ika South,NG010008,435.59292097,6.18730663,6.13356177,136.0
Kaduna,Ikara,NG019005,940.76501384,11.31367503,8.14743501,595.0
Imo,Ikeduru,NG017008,181.14775484,5.56304121,7.15050121,137.0
Lagos,Ikeja,NG025011,46.57791885,6.6045701,3.34522958,38.0
Ogun,Ikenne,NG028012,145.71369754,6.90100513,3.69774683,84.0
Ekiti,Ikere,NG013010,237.26661447,7.493613,5.20922163,370.0
Ekiti,Ikole,NG013011,1070.20726031,7.88315323,5.51564869,505.0
Cross River,Ikom,NG009012,1967.79132186,6.06133249,8.66787063,83.0
Akwa Ibom,Ikono,NG003012,262.60389898,5.17806602,7.79329416,104.0
Lagos,Ikorodu,NG025012,398.86907937,6.6061117,3.57580247,35.0
Akwa Ibom,Ikot Abasi,NG003013,335.67490226,4.60887766,7.62169427,12.0
Akwa Ibom,Ikot Ekpene,NG003014,115.8922647,5.20043896,7.70544431,75.0
Edo,Ikpoba-Okha,NG012011,857.07639909,6.19976541,5.6622467,49.0
Rivers,Ikwerre,NG033013,658.15910079,5.07051514,6.88200456,34.0
Ebonyi,Ikwo,NG011007,655.55749583,6.081396,8.17851009,24.0
Abia,Ikwuano,NG001005,278.37955115,5.40927745,7.57299173,122.0
Osun,Ila,NG030017,279.24439012,7.96998538,4.89513151,478.0
Ondo,Ilaje,NG029010,963.77320365,6.19899963,4.75285177,9.0
Ondo,Ile-Oluji-Okeigbo,NG029011,595.210618,7.2338334,4.88388688,273.0
Ekiti,Ilejemeji,NG013012,94.67162514,7.96025445,5.23069822,564.0
Osun,Ilesha East,NG030018,69.55506813,7.60831589,4.76090218,397.0
Osun,Ilesha West,NG030019,42.56559876,7.63822639,4.72573763,371.0
Sokoto,Illela,NG034008,1081.32899933,13.68276373,5.30549209,271.0
Kwara,Ilorin East,NG024006,451.19651508,8.62855065,4.82260251,375.0
Kwara,Ilorin South,NG024007,245.4563915,8.47943956,4.65524175,295.0
Kwara,Ilorin West,NG024008,149.02944418,8.48982834,4.49802431,357.0
Ogun,Imeko-Afon,NG028013,1807.93133331,7.63287736,2.85847941,176.0
Katsina,Ingawa,NG021015,789.50501061,12.60770755,8.14466042,541.0
Akwa Ibom,Ini,NG003015,382.90265403,5.40397166,7.75151867,23.0
Ogun,Ipokia,NG028014,572.4392951,6.65298083,2.79333315,52.0
Ondo,Irele,NG029012,891.39021967,6.47853037,4.98338838,51.0
Oyo,Irepo,NG031015,978.72257182,9.0246082,3.88495153,392.0
Kwara,Irepodun,NG024009,701.04566916,8.19354062,4.85832373,418.0
Osun,Irepodun,NG030020,30.32734182,7.84508107,4.49674761,317.0
Ekiti,Irepodun/Ifelodun,NG013013,326.92712786,7.70632306,5.33900533,400.0
Osun,Irewole,NG030021,262.18427897,7.41618561,4.21865585,225.0
Sokoto,Isa,NG034009,2164.61640905,13.20464219,6.35745264,321.0
Ekiti,Ise/Orun,NG013014,413.83142292,7.41527884,5.38669292,363.0
Oyo,Iseyin,NG031016,1812.98248557,8.00415325,3.59815763,308.0
Ebonyi,Ishielu,NG011008,695.14308515,6.40960598,7.84359249,83.0
Enugu,Isi-Uzo,NG014010,845.70249203,6.73900026,7.70744354,155.0
Abia,Isiala-Ngwa North,NG001006,283.55740903,5.2797878,7.39209545,104.0
Abia,Isiala-Ngwa South,NG001007,277.03423522,5.37976311,7.41540082,121.0
Imo,Isiala Mbano,NG017009,153.49028851,5.68077224,7.1971394,159.0
Kwara,Isin,NG024010,631.2037295,8.25790644,5.03884906,470.0
Abia,Isiukwuato,NG001008,382.56196212,5.80033781,7.47095882,118.0
Osun,Isokan,NG030022,436.69902232,7.24857696,4.1996518,219.0
Delta,Isoko North,NG010009,482.07696896,5.51388,6.12626378,18.0
Delta,Isoko South,NG010010,689.7363071,5.3973511,6.2135041,22.0
Imo,Isu,NG017010,52.59538545,5.6880414,7.05251124,170.0
Bauchi,Itas/Gadau,NG005010,1653.23602248,11.87940797,10.11037182,379.0
Oyo,Itesiwaju,NG031017,1540.18296613,8.20840739,3.48528895,304.0
Akwa Ibom,Itu,NG003016,180.25914776,5.13848542,7.99963452,53.0
Ebonyi,Ivo,NG011009,266.70515171,5.91382979,7.64065626,48.0
Oyo,Iwajowa,NG031018,2387.44768702,7.98612283,2.98693161,211.0
Osun,Iwo,NG030023,272.68885758,7.64534439,4.14933136,222.0
Ebonyi,Izzi,NG011010,1083.90804588,6.52471859,8.2750555,68.0
Kaduna,Jaba,NG019006,454.54245725,9.47616768,8.02435976,805.0
Adamawa,Jada,NG002008,2603.03560697,8.70004456,12.3273812,426.0
Jigawa,Jahun,NG018014,1245.95943471,12.06542938,9.56099492,381.0
Yobe,Jakusko,NG036009,3529.61777858,12.3711745,11.00417973,351.0
Taraba,Jalingo,NG035007,190.41192762,8.90558282,11.33612574,185.0
Bauchi,Jama'are,NG005011,382.45876167,11.66738054,9.94408962,394.0
Kebbi,Jega,NG022011,965.91658265,12.09885836,4.47506786,236.0
Kaduna,Jema'a,NG019007,1416.2512242,9.39903146,8.26209883,524.0
Borno,Jere,NG008013,843.30495343,11.9269352,13.18697004,314.0
Katsina,Jibia,NG021016,1066.92783484,13.00457005,7.40711561,461.0
Plateau,Jos East,NG032004,1027.73435105,9.87550902,9.12939928,1182.0
Plateau,Jos North,NG032005,262.19744238,9.94376989,8.89468678,1176.0
Plateau,Jos South,NG032006,566.16351621,9.76105051,8.84563005,1286.0
Kogi,Kabba/Bunu,NG023010,2693.15033342,8.07187708,6.14114865,521.0
Kano,Kabo,NG020020,372.22152427,11.89781998,8.19665464,517.0
Kaduna,Kachia,NG019008,4590.58385396,9.85955988,7.67595665,648.0
Kaduna,Kaduna North,NG019009,59.36817258,10.54451639,7.45015319,620.0
Kaduna,Kaduna South,NG019010,52.69910306,10.51088461,7.39983594,598.0
Jigawa,Kafin Hausa,NG018015,1371.15486089,12.16895168,9.97775237,368.0
Katsina,Kafur,NG021017,1013.58810328,11.63564521,7.7185651,575.0
Borno,Kaga,NG008014,2574.67598829,11.58789019,12.48620647,377.0
Kaduna,Kagarko,NG019011,1910.93086819,9.49357542,7.58513036,625.0
Kwara,Kaiama,NG024011,6935.92752772,9.53601793,4.11481379,316.0
Katsina,Kaita,NG021018,714.28431823,13.17897921,7.78231191,445.0
Oyo,Kajola,NG031019,604.27382695,8.02853251,3.35859431,395.0
Kaduna,Kauru,NG019014,3009.02520958,10.2201434,8.31847666,860.0
Borno,Kala/Balge,NG008015,1877.90511553,12.05785224,14.48633529,294.0
Kebbi,Kalgo,NG022012,607.22006849,12.38613198,4.05768703,259.0
Gombe,Kaltungo,NG016007,1153.14285229,9.8409123,11.43224424,533.0
Plateau,Kanam,NG032007,2745.85832166,9.49113794,10.15453027,461.0
Katsina,Kankara,NG021019,1395.01332237,12.01976496,7.34718314,567.0
Plateau,Kanke,NG032008,940.37018064,9.36319205,9.65548919,572.0
Katsina,Kankia,NG021020,754.50016316,12.4376405,7.79188517,550.0
Kano,Kano Municipal,NG020021,17.18012541,11.97961138,8.51569516,478.0
Yobe,Karasuwa,NG036010,1332.05229765,12.99797807,10.69159384,343.0
Kano,Karaye,NG020022,449.86902265,11.7495648,7.98611595,533.0
Taraba,Karim-Lamido,NG035008,6612.28290026,9.14731325,10.85802088,181.0
Nasarawa,Karu,NG026004,2885.23345608,9.03685377,7.76143033,365.0
Bauchi,Katagum,NG005012,1326.8171197,11.66018165,10.34508862,401.0
Niger,Katcha,NG027010,1650.65887528,9.11880635,6.24362312,129.0
Katsina,Katsina,NG021021,148.00865837,13.00891956,7.6130591,498.0
Benue,Katsina-Ala,NG007009,2691.14307551,7.35891011,9.58963181,134.0
Jigawa,Kaugama,NG018016,817.31756417,12.5593585,9.7673542,361.0
Kaduna,Kaura,NG019013,518.95588008,9.6202334,8.44358199,851.0
Zamfara,Kaura Namoda,NG037008,866.04329282,12.48223466,6.56733283,440.0
Kaduna,Kajuru,NG019012,2512.22053724,10.26253047,7.86185078,736.0
Jigawa,Kazaure,NG018017,382.13903733,12.66061345,8.45063631,452.0
Nasarawa,Keana,NG026005,1165.44419529,8.204791,8.7174229,141.0
Sokoto,Kebbe,NG034010,2625.41820592,11.91410549,4.75350681,328.0
Nasarawa,Keffi,NG026006,112.79010572,8.85687268,7.8680312,347.0
Rivers,Khana,NG033014,558.89314966,4.67248711,7.43228934,14.0
Kano,Kibiya,NG020023,436.53751012,11.4925604,8.68283276,528.0
Bauchi,Kirfi,NG005013,2268.79549139,10.4416762,10.52453495,430.0
Jigawa,Kiri Kasamma,NG018018,829.83639968,12.59975915,10.25751656,355.0
Kano,Kiru,NG020024,904.45429497,11.5526599,8.11424829,571.0
Jigawa,Kiyawa,NG018019,1031.47837393,11.81169495,9.52472043,402.0
Kogi,Kogi,NG023011,1494.05596025,8.12703178,6.8556095,107.0
Kebbi,Koko/Besse,NG022013,1343.31819505,11.44467134,4.47653783,234.0
Nasarawa,Kokona,NG026007,2555.421496,8.75626526,8.0868521,345.0
Bayelsa,Kolokuma/Opokuma,NG006003,350.51739554,5.06841226,6.24084552,26.0
Borno,Konduga,NG008016,5958.93280391,11.68675991,13.18348175,338.0
Benue,Konshisha,NG007010,1684.72104052,7.10901615,8.62141347,96.0
Niger,Kontagora,NG027011,1772.31005885,10.43627107,5.51427123,337.0
Lagos,Kosofe,NG025013,81.56483229,6.58413016,3.41736638,5.0
Kaduna,Kubau,NG019015,2362.00359575,10.85699371,8.37393809,707.0
Kaduna,Kudan,NG019016,334.13549829,11.26792888,7.71922309,656.0
Federal Capital Territory,Kuje,NG015005,1532.44120681,8.6963208,7.27827006,338.0
Borno,Kukawa,NG008017,4914.65899475,13.04582499,13.71780366,289.0
Kano,Kumbotso,NG020025,191.64580243,11.92089994,8.51958793,464.0
Kano,Kunchi,NG020026,520.82513529,12.46780008,8.26729586,484.0
Kano,Kura,NG020027,196.01576777,11.77501489,8.47804499,444.0
Katsina,Kurfi,NG021022,576.5804503,12.68703519,7.48651879,514.0
Taraba,Kurmi,NG035009,4349.99105126,7.26632324,10.70152529,314.0
Katsina,Kusada,NG021023,455.75451201,12.45745539,7.97368288,539.0
Federal Capital Territory,Kwali,NG015006,1252.52707595,8.71738863,6.96267934,195.0
Gombe,Kwami,NG016008,1718.48273416,10.49466408,11.18437081,564.0
Benue,Kwande,NG007011,2351.52979613,6.77759572,9.41318453,193.0
Sokoto,Kware,NG034011,595.84474864,13.15623698,5.28807862,254.0
Borno,Kwaya Kusar,NG008018,747.32071413,10.43090965,11.90649934,362.0
Nasarawa,Lafia,NG026008,2657.52461876,8.7164345,8.80040707,150.0
Oyo,Lagelu,NG031020,272.79553236,7.51317497,4.07412051,202.0
Lagos,Lagos Island,NG025014,8.59765152,6.45040242,3.39382226,8.0
Lagos,Lagos Mainland,NG025015,23.50310191,6.49500381,3.38571719,1.0
Adamawa,Lamurde,NG002009,1105.84684892,9.55365323,11.70146581,149.0
Plateau,Langtang North,NG032009,782.42478457,9.04946091,9.8269267,227.0
Plateau,Langtang South,NG032010,1198.87729128,8.62610292,9.82364825,179.0
Niger,Lapai,NG027012,3030.36126524,8.78112703,6.67443256,212.0
Taraba,Lau,NG035010,1657.10315271,9.19390003,11.46301909,178.0
Niger,Lavun,NG027013,2589.31251186,9.42834335,5.65168421,163.0
Kaduna,Lere,NG019017,2301.14884047,10.33701689,8.58054696,770.0
Benue,Logo,NG007012,1625.60606822,7.67105917,9.24036545,162.0
Kogi,Lokoja,NG023012,3201.49417727,8.23918014,6.55406309,143.0
Yobe,Machina,NG036011,1279.90281608,13.0400599,10.05924403,352.0
Adamawa,Madagali,NG002010,830.71985738,10.79923587,13.48153142,610.0
Kano,Madobi,NG020028,257.91954102,11.81335976,8.37013114,473.0
Borno,Mafa,NG008019,2853.49121834,12.04636513,13.54125075,304.0
Niger,Magama,NG027014,4056.23000818,10.29522048,5.01461632,284.0
Borno,Magumeri,NG008020,4728.67184528,12.22527489,12.71196525,337.0
Katsina,Mai'adua,NG021024,619.44823064,13.15320131,8.20892688,486.0
Borno,Maiduguri,NG008021,139.86577147,11.83470577,13.13357488,334.0
Jigawa,Maigatari,NG018020,964.55417287,12.68645084,9.61718226,360.0
Adamawa,Maiha,NG002011,1356.49528639,9.87445135,13.14138238,569.0
Kebbi,Maiyama,NG022014,1334.00888828,12.00755424,4.29009759,254.0
Kano,Makoda,NG020029,401.85282362,12.4217695,8.4417771,464.0
Benue,Makurdi,NG007013,812.177442,7.73548055,8.51828258,84.0
Jigawa,Malam Madori,NG018021,806.61235321,12.53320247,9.95324462,356.0
Katsina,Malumfashi,NG021025,805.95670955,11.84549901,7.67902619,629.0
Plateau,Mangu,NG032011,1609.6794799,9.36203006,9.18465775,1206.0
Katsina,Mani,NG021026,670.63717389,12.90916176,7.93937331,505.0
Zamfara,Maradun,NG037009,2753.94959184,12.71545161,6.31724159,379.0
Niger,Mariga,NG027015,5771.14679716,10.6098215,5.86340137,398.0
Kaduna,Markafi,NG019018,572.25888412,11.32740103,7.95579185,690.0
Borno,Marte,NG008022,2958.21541153,12.40644618,13.85787997,290.0
Zamfara,Maru,NG037010,7215.5101484,11.64432722,6.32646109,447.0
Niger,Mashegu,NG027016,9300.54260562,9.8201927,5.2491292,248.0
Katsina,Mashi,NG021027,938.34383306,13.11941147,7.99683458,485.0
Katsina,Matazu,NG021028,539.75115346,12.24030217,7.65088259,536.0
Adamawa,Mayo-Belwa,NG002012,2108.98572093,8.90750157,12.04408717,352.0
Imo,Mbaitoli,NG017011,199.99383112,5.59819361,7.01605271,135.0
Akwa Ibom,Mbo,NG003017,241.46673667,4.62621855,8.23590783,13.0
Adamawa,Michika,NG002013,810.6550601,10.57853096,13.38418884,566.0
Jigawa,Miga,NG018022,569.07816172,12.22487846,9.67756767,370.0
Plateau,Mikang,NG032012,785.21771861,9.01226623,9.5763007,254.0
Kano,Minjibir,NG020030,431.45991131,12.19260094,8.62126821,456.0
Bauchi,Misau,NG005014,997.64501169,11.38881846,10.46341143,444.0
Akwa Ibom,Mkpat Enin,NG003018,350.25362348,4.70473458,7.76100953,30.0
Ekiti,Moba,NG013015,197.17359814,7.99314519,5.13119435,557.0
Borno,Mobbar,NG008023,2704.71289905,13.0551951,12.62656649,308.0
Niger,Mokwa,NG027017,5301.00603435,9.12146651,5.32381983,112.0
Borno,Monguno,NG008024,1892.15572864,12.52256165,13.53364576,289.0
Kogi,Mopa-Muro,NG023013,833.24656486,8.14044577,5.90252098,288.0
Kwara,Moro,NG024012,3120.47257106,8.83834362,4.51431771,271.0
Adamawa,Mubi North,NG002014,753.43803364,10.35920323,13.36565401,582.0
Adamawa,Mubi South,NG002015,502.72169789,10.17145175,13.31206443,755.0
Katsina,Musawa,NG021029,787.8135445,12.1055678,7.67837983,590.0
Lagos,Mushin,NG025016,16.5559956,6.52911085,3.35258711,23.0
Niger,Muya,NG027018,2086.78927472,9.79731458,7.07878344,459.0
Gombe,Nafada,NG016009,1577.9577221,11.05110805,11.2465273,321.0
Yobe,Nangere,NG036012,1043.94310588,11.80785234,11.0456302,417.0
Kano,Nasarawa,NG020031,41.6839369,12.00443159,8.58502794,471.0
Nasarawa,Nasarawa,NG026009,4854.19544427,8.32168285,7.74712818,116.0
Nasarawa,Nasarawa-Eggon,NG026010,1258.40132933,8.74569374,8.47419492,489.0
Delta,Ndokwa East,NG010011,1609.2121581,5.66304277,6.50311942,21.0
Delta,Ndokwa West,NG010012,821.93977482,5.82609945,6.41635513,22.0
Bayelsa,Nembe,NG006004,1403.07594007,4.5435014,6.38134668,16.0
Borno,Ngala,NG008025,1443.40551744,12.29337425,14.19902988,291.0
Borno,Nganzai,NG008026,2313.45444874,12.45905285,13.10732304,303.0
Kebbi,Ngaski,NG022015,2605.90074172,10.58502675,4.72145372,166.0
Imo,Ngor-Okpala,NG017012,542.17564871,5.32742309,7.15750337,65.0
Yobe,Nguru,NG036013,816.64905163,12.97793488,10.3827601,348.0
Bauchi,Ningi,NG005015,4648.37831516,11.06335348,9.20696076,751.0
Imo,Njaba,NG017013,78.45827504,5.70099564,7.00107358,133.0
Anambra,Njikoka,NG004013,97.44535338,6.19020736,7.00788367,130.0
Enugu,Nkanu East,NG014011,760.16729422,6.33502602,7.67259253,95.0
Enugu,Nkanu West,NG014012,254.90198082,6.32814546,7.53439992,145.0
Imo,Nkwerre,NG017014,35.04408287,5.74996936,7.10038113,206.0
Anambra,Nnewi North,NG004014,68.58617722,6.01919213,6.91490054,151.0
Anambra,Nnewi South,NG004015,154.22756316,5.9580643,6.97695275,151.0
Akwa Ibom,Nsit Atai,NG003019,130.72990895,4.8185556,8.01398294,40.0
Akwa Ibom,Nsit Ibom,NG003020,130.6549785,4.90363453,7.89284685,60.0
Akwa Ibom,Nsit Ubium,NG003021,200.93860869,4.75973129,7.9487235,39.0
Enugu,Nsukka,NG014013,556.33737647,6.84727273,7.3715082,437.0
Adamawa,Numan,NG002016,834.53038746,9.4514926,11.84109083,146.0
Imo,Nwangele,NG017015,69.64521801,5.70937339,7.11990421,170.0
Ogun,Obafemi-Owode,NG028015,1474.55582576,6.96067211,3.46962904,86.0
Cross River,Obanliku,NG009013,938.52789055,6.49426574,9.35415585,593.0
Benue,Obi,NG007014,497.01362687,7.02072083,8.27243765,86.0
Nasarawa,Obi,NG026011,1016.40662732,8.36983449,8.73596229,177.0
Abia,Obi Ngwa,NG001009,403.91842851,5.15227151,7.44781411,78.0
Rivers,Obia/Akpor,NG033015,257.64238853,4.86169075,7.02248307,12.0
Osun,Obokun,NG030024,508.09224357,7.77372555,4.77081244,371.0
Akwa Ibom,Obot Akara,NG003022,234.8487319,5.24345489,7.60069561,83.0
Imo,Obowo,NG017016,86.4244058,5.56037328,7.36112934,82.0
Cross River,Obubra,NG009014,1144.68183169,6.01531095,8.41466668,86.0
Cross River,Obudu,NG009015,467.75190303,6.56035589,9.08028058,177.0
Ogun,Odeda,NG028016,1435.54579487,7.31663183,3.52030737,141.0
Ondo,Odigbo,NG029013,1878.48258463,6.73155432,4.88543557,69.0
Osun,Odo-Otin,NG030025,290.91987446,8.00744341,4.67904834,372.0
Ogun,Odogbolu,NG028017,547.6155403,6.80770022,3.81410033,12.0
Cross River,Odukpani,NG009016,1354.6185809,5.17935078,8.20538651,62.0
Kwara,Offa,NG024013,94.31278415,8.1630578,4.69026175,425.0
Kogi,Ofu,NG023014,1715.42197407,7.32949329,7.06897106,299.0
Rivers,Ogba/Egbema/Ndoni,NG033016,958.33095317,5.44394754,6.63688493,25.0
Benue,Ogbadibo,NG007015,602.77252427,7.02140291,7.63904082,399.0
Anambra,Ogbaru,NG004016,517.7549276,5.91183701,6.75066624,17.0
Bayelsa,Ogbia,NG006005,678.13809875,4.79574441,6.31381923,21.0
Oyo,Ogbomosho North,NG031021,91.12273393,8.15030796,4.24920177,352.0
Oyo,Ogbomosho South,NG031022,28.98940671,8.108243,4.19991496,310.0
Oyo,Ogo Oluwa,NG031023,375.03068311,7.97521067,4.19382543,316.0
Cross River,Ogoja,NG009017,912.77919841,6.52680973,8.68895687,110.0
Kogi,Ogori/Magongo,NG023015,79.31035716,7.47867347,6.15587381,394.0
Rivers,Ogu/Bolo,NG033017,130.00634801,4.65075373,7.19587657,5.0
Ogun,Ogun waterside,NG028018,969.43430857,6.47391581,4.36787837,17.0
Imo,Oguta,NG017017,422.25672522,5.6551247,6.78051588,21.0
Abia,Ohafia,NG001010,440.11308886,5.66291478,7.83248872,130.0
Imo,Ohaji/Egbema,NG017018,895.84869249,5.42551101,6.84843849,54.0
Ebonyi,Ohaozara,NG011011,333.35681598,6.0020304,7.78838376,39.0
Ebonyi,Ohaukwu,NG011012,602.47076446,6.5388936,8.00827199,90.0
Benue,Ohimini,NG007016,598.70944027,7.26002428,7.95831712,197.0
Enugu,Oji-River,NG014014,411.37868718,6.16549323,7.3030229,204.0
Lagos,Ojo,NG025017,161.67324285,6.46249755,3.16611936,12.0
Benue,Oju,NG007017,1190.29868956,6.87015504,8.3636187,114.0
Kwara,Oke-Ero,NG024014,435.66792811,8.18031931,5.29643598,353.0
Kogi,Okehi,NG023016,661.11010209,7.72412049,6.33559323,176.0
Kogi,Okene,NG023017,298.31935396,7.45519017,6.39297471,170.0
Imo,Okigwe,NG017019,306.88429855,5.82118984,7.32072106,111.0
Ondo,Okitipupa,NG029014,855.57913904,6.56465359,4.7083363,46.0
Akwa Ibom,Okobo,NG003023,301.05634793,4.8134203,8.12658607,37.0
Delta,Okpe,NG010013,480.29848202,5.69996784,5.74271144,13.0
Benue,Okpokwu,NG007018,924.52315117,7.04413104,7.89330157,156.0
Rivers,Okrika,NG033018,286.41163861,4.68063314,7.08122575,0.0
Osun,Ola-oluwa,NG030026,326.10873283,7.74574204,4.19943215,268.0
Kogi,Olamabolo,NG023018,990.46473238,7.17821859,7.48204739,317.0
Osun,Olorunda,NG030027,108.49228697,7.8748881,4.57233066,403.0
Oyo,Olorunsogo,NG031024,1057.64546343,8.79578956,4.05648503,428.0
Oyo,Oluyole,NG031025,667.95285471,7.21715789,3.87966946,161.0
Kogi,Omala,NG023019,1591.56203606,7.77782794,7.56588636,179.0
Rivers,Omumma,NG033019,158.75558008,5.09841747,7.23774939,59.0
Oyo,Ona-Ara,NG031026,332.3762988,7.25286711,4.0538657,156.0
Ondo,Ondo East,NG029015,448.45269161,7.15850238,4.88485457,285.0
Ondo,Ondo West,NG029016,959.35436441,6.99201095,4.75850712,185.0
Ebonyi,Onicha,NG011013,439.23101081,6.11853244,7.81659689,89.0
Anambra,Onitsha North,NG004017,37.61880592,6.16355111,6.79747653,42.0
Anambra,Onitsha South,NG004018,9.91953081,6.13972306,6.77328528,31.0
Akwa Ibom,Onna,NG003024,163.91675874,4.63873365,7.87340125,17.0
Rivers,Opobo/Nkoro,NG033020,114.95588599,4.51237201,7.51926876,8.0
Edo,Oredo,NG012012,250.4196664,6.23301742,5.56381149,29.0
Oyo,Orelope,NG031027,911.69004186,8.79413474,3.80192276,388.0
Edo,Orhionmwon,NG012013,2410.76364155,6.08841755,5.94836007,77.0
Oyo,Ori Ire,NG031028,2033.69173352,8.31221083,4.18855172,403.0
Osun,Oriade,NG030028,460.56518064,7.55307714,4.86740817,321.0
Imo,Orlu,NG017020,122.71313296,5.8186979,7.03354982,183.0
Osun,Orolu,NG030029,109.2372137,7.90201537,4.49105744,388.0
Akwa Ibom,Oron,NG003025,52.13891398,4.81572949,8.22600527,5.0
Imo,Orsu,NG017021,75.05410525,5.84593964,6.96696935,177.0
Imo,Oru East,NG017022,131.41131701,5.72935753,6.94704099,112.0
Imo,Oru West,NG017023,96.7378619,5.7586544,6.90631938,137.0
Akwa Ibom,Oruk Anam,NG003026,544.44788884,4.82782216,7.69682216,43.0
Anambra,Orumba North,NG004019,320.99166408,6.11450803,7.15967907,56.0
Anambra,Orumba South,NG004020,188.24224248,5.98988363,7.2050609,127.0
Ondo,Ose,NG029017,1425.31578663,7.053574,5.75437761,231.0
Delta,Oshimili North,NG010014,510.20730461,6.30431944,6.64470056,73.0
Delta,Oshimili South,NG010015,266.43109837,6.13036205,6.7307334,22.0
Lagos,Oshodi-Isolo,NG025018,44.12568968,6.53292857,3.31282618,12.0
Abia,Osisioma Ngwa,NG001011,174.75327594,5.17307253,7.32438131,71.0
Osun,Osogbo,NG030030,60.98522445,7.74865309,4.56886194,343.0
Benue,Oturkpo,NG007019,1363.08338133,7.32031358,8.08696201,169.0
Edo,Ovia North East,NG012014,2338.00581204,6.39677431,5.50306579,109.0
Edo,Ovia South West,NG012015,2771.81799058,6.47149842,5.29943577,91.0
Edo,Owan East,NG012016,1228.11993443,7.02884545,6.10572182,131.0
Edo,Owan West,NG012017,739.86191526,6.93396573,5.88706594,158.0
Imo,Owerri-Municipal,NG017026,56.29551493,5.47990065,7.02198268,74.0
Imo,Owerri North,NG017024,193.94643899,5.43175901,7.10772833,104.0
Imo,Owerri West,NG017025,286.30460525,5.40682746,6.9851183,62.0
Ondo,Owo,NG029018,1138.33103321,7.10796759,5.59186752,284.0
Ekiti,Oye,NG013016,505.80857539,7.88053589,5.33753442,588.0
Anambra,Oyi,NG004021,135.07441465,6.22739384,6.90028613,88.0
Rivers,Oyigbo,NG033021,247.28674846,4.84663012,7.30196775,33.0
Oyo,Oyo East,NG031029,357.3410817,7.82793602,4.03344187,296.0
Oyo,Oyo West,NG031030,595.66507979,7.87760815,3.8247789,226.0
Kwara,Oyun,NG024015,508.8039076,8.19984915,4.63163549,402.0
Niger,Paikoro,NG027019,2088.82636221,9.49303913,6.83767857,298.0
Plateau,Pankshin,NG032013,1434.64811536,9.3250494,9.38806573,1195.0
Delta,Patani,NG010016,226.05511835,5.18961,6.1038708,8.0
Kwara,Pategi,NG024016,2908.55248032,8.67046014,5.81727277,144.0
Rivers,Port-Harcourt,NG033022,108.19723343,4.76685909,7.03715711,10.0
Yobe,Potiskum,NG036014,575.99007689,11.72968866,11.16086368,431.0
Plateau,Qua'an Pan,NG032014,2539.91765817,8.7778917,9.12905236,229.0
Sokoto,Rabah,NG034012,2393.77436445,12.99760662,5.76755822,283.0
Niger,Rafi,NG027020,3681.85673137,10.21470087,6.22106079,309.0
Kano,Rano,NG020032,517.38656515,11.48402509,8.51004846,542.0
Ogun,Remo North,NG028019,208.98157746,6.9952044,3.7177268,103.0
Niger,Rijau,NG027021,3119.16063075,11.04304175,5.22650918,355.0
Katsina,Rimi,NG021030,484.94703387,12.89776315,7.71934985,498.0
Kano,Rimin Gado,NG020033,266.82289164,11.92690966,8.32350376,475.0
Jigawa,Ringim,NG018023,1020.94675648,12.16989517,9.14846238,392.0
Plateau,Riyom,NG032015,828.47285084,9.55646359,8.70492509,1082.0
Kano,Rogo,NG020034,798.50191206,11.50881992,7.86330923,606.0
Jigawa,Roni,NG018024,304.18843601,12.57227022,8.3820069,469.0
Kaduna,Sabon-Gari,NG019019,262.59727965,11.17879319,7.6759905,661.0
Sokoto,Sabon Birni,NG034013,2377.44615586,13.4940883,6.24954703,323.0
Katsina,Sabuwa,NG021031,695.23948137,11.33591997,7.09657844,701.0
Katsina,Safana,NG021032,1389.50319946,12.50095133,7.22803794,498.0
Bayelsa,Sagbama,NG006006,948.68029961,5.09641931,6.12385164,7.0
Kebbi,Sakaba,NG022016,1452.31500059,11.1749086,5.59528364,409.0
Oyo,Saki East,NG031031,1367.6659379,8.70661368,3.63673049,354.0
Oyo,Saki West,NG031032,1879.4688213,8.64507231,3.21648897,396.0
Katsina,Sandamu,NG021033,327.05561029,12.91967969,8.38246324,502.0
Kaduna,Sanga,NG019020,1494.02812358,9.25128807,8.43736848,508.0
Delta,Sapele,NG010017,429.08470614,5.83616068,5.65904284,11.0
Taraba,Sardauna,NG035011,4595.61746269,6.92809079,11.23064058,1575.0
Ogun,Shagamu,NG028020,599.40363628,6.80770048,3.5894791,85.0
Sokoto,Shagari,NG034014,1310.00327289,12.53341558,5.06737579,284.0
Kebbi,Shanga,NG022017,2711.94623178,11.21109164,4.5970831,160.0
Borno,Shani,NG008027,1225.08909485,10.19307369,11.95264793,264.0
Kano,Shanono,NG020035,508.09256709,12.08693843,7.92906664,606.0
Adamawa,Shelleng,NG002017,1205.74751535,9.90315409,12.10576373,299.0
Plateau,Shendam,NG032016,2439.81140188,8.74796957,9.52301853,190.0
Zamfara,Shinkafi,NG037011,782.88136379,13.02907132,6.45859297,329.0
Bauchi,Shira,NG005016,1370.57162608,11.46192801,10.04301602,455.0
Niger,Shiroro,NG027022,5229.97145131,10.08431812,6.69841216,280.0
Gombe,Shomgom,NG016010,867.82660138,9.74969351,11.24702245,687.0
Lagos,Shomolu,NG025019,11.18279279,6.54179937,3.38393003,11.0
Sokoto,Silame,NG034015,798.33690146,12.98639322,4.79887572,236.0
Kaduna,Soba,NG019021,2247.94875996,10.95355757,8.05348766,695.0
Sokoto,Sokoto North,NG034016,40.01946101,13.07633047,5.2286123,248.0
Sokoto,Sokoto South,NG034017,28.53642058,13.03838179,5.25818268,306.0
Adamawa,Song,NG002018,4038.6730727,9.84108887,12.62071102,314.0
Bayelsa,Southern Ijaw,NG006007,2707.33883137,4.71595194,5.88057525,26.0
Jigawa,Sule-Tankarkar,NG018025,1232.60622823,12.63420844,9.17484993,378.0
Niger,Suleja,NG027023,129.15873598,9.19667777,7.17503469,423.0
Kano,Sumaila,NG020036,1249.56560744,11.32509029,8.96054083,522.0
Kebbi,Suru,NG022018,1568.10711833,11.78400789,4.13321595,168.0
Lagos,Surulere,NG025020,19.54428105,6.48877832,3.34502349,1.0
Oyo,Surulere,NG031033,1036.63000884,8.08843233,4.39842143,374.0
Niger,Tafa,NG027024,241.54369461,9.24770157,7.26278392,483.0
Bauchi,Tafawa-Balewa,NG005017,2454.91473336,9.85774327,9.61012968,594.0
Rivers,Tai,NG033023,160.568126,4.76984643,7.26197492,17.0
Kano,Takai,NG020037,598.19496835,11.48744529,9.13942172,473.0
Taraba,Takum,NG035012,2386.48077868,7.05081475,9.79638768,386.0
Zamfara,Talata Mafara,NG037012,1465.80990859,12.39614626,6.07325788,387.0
Sokoto,Tambuwal,NG034018,1839.06293017,12.43855209,4.9208364,317.0
Sokoto,Tangaza,NG034019,2375.12330145,13.47056475,4.97198028,276.0
Kano,Tarauni,NG020038,26.69324018,11.96443944,8.5561058,481.0
Benue,Tarka,NG007020,477.47954032,7.60462863,8.85851212,172.0
Yobe,Tarmua,NG036015,4525.37792635,12.22054982,11.8956434,345.0
Jigawa,Taura,NG018026,655.74490163,12.27916246,9.35272305,376.0
Kano,Tofa,NG020039,190.66784307,12.01454373,8.34058747,488.0
Bauchi,Toro,NG005018,6877.24127803,10.3682038,9.25214221,738.0
Nasarawa,Toto,NG026012,2983.10242009,8.26164952,7.19715724,225.0
Adamawa,Toungo,NG002019,5577.64967242,7.90223263,11.87424111,510.0
Zamfara,Tsafe,NG037013,1810.18555528,11.82517121,6.89559963,563.0
Kano,Tsanyawa,NG020040,535.76555977,12.27793078,8.00221063,559.0
Kano,Tudun Wada,NG020041,1226.84429754,11.20851525,8.5121067,610.0
Sokoto,Tureta,NG034020,2299.36038524,12.48310616,5.51174871,293.0
Enugu,Udenu,NG014015,256.92972328,6.89769599,7.56103157,316.0
Enugu,Udi,NG014016,890.8502707,6.43614892,7.39873639,336.0
Delta,Udu,NG010018,165.81848439,5.47697599,5.81210496,8.0
Akwa Ibom,Udung Uko,NG003027,58.68352794,4.74925758,8.26545933,27.0
Delta,Ughelli North,NG010019,830.97265091,5.48688366,6.0114343,12.0
Delta,Ughelli South,NG010020,769.97494651,5.36020949,5.96777868,23.0
Abia,Ugwunagbo,NG001012,125.99555834,5.02539995,7.3548102,48.0
Edo,Uhunmwonde,NG012018,1991.23656593,6.52593607,5.9000732,136.0
Akwa Ibom,Ukanafun,NG003028,218.29263666,4.87633505,7.58543694,43.0
Benue,Ukum,NG007021,1783.52843999,7.64953547,9.67692334,174.0
Abia,Ukwa East,NG001013,282.86532818,4.9369271,7.40280227,49.0
Abia,Ukwa West,NG001014,277.35053143,4.97924576,7.25148092,39.0
Delta,Ukwuani,NG010021,408.72461039,5.8494403,6.25205812,40.0
Abia,Umu-Nneochi,NG001017,368.0793656,5.97200304,7.40509387,392.0
Abia,Umuahia North,NG001015,227.49225863,5.60510584,7.47718135,100.0
Abia,Umuahia South,NG001016,135.26219111,5.49880737,7.43624498,98.0
Kano,Ungogo,NG020042,222.851839,12.04197439,8.6056237,458.0
Imo,Unuimo,NG017027,107.65928058,5.7968149,7.22481177,117.0
Akwa Ibom,Uruan,NG003029,346.6903896,5.00347544,8.0748869,12.0
Akwa Ibom,Urue-Offong/Oruko,NG003030,115.79195881,4.72303972,8.15492531,32.0
Benue,Ushongo,NG007022,1379.95202082,7.08219341,9.00670453,198.0
Taraba,Ussa,NG035013,1495.02340535,7.10408167,10.05358793,223.0
Delta,Uvwie,NG010022,112.43735367,5.56796808,5.77982608,10.0
Akwa Ibom,Uyo,NG003031,183.63474398,4.988215,7.9981777,59.0
Enugu,Uzo-Uwani,NG014017,841.74667596,6.68860629,7.1582969,138.0
Benue,Vandeikya,NG007023,977.84704263,6.84350764,9.0786866,216.0
Sokoto,Wamako,NG034021,663.35417255,13.08036802,5.07776168,270.0
Nasarawa,Wamba,NG026013,1210.46801918,9.01237001,8.7349034,260.0
Kano,Warawa,NG020043,363.81928333,11.89853,8.76492024,433.0
Bauchi,Warji,NG005019,658.82260523,11.163895,9.74370205,449.0
Delta,Warri North,NG010023,1835.72706489,5.93063904,5.1369468,13.0
Delta,Warri South,NG010024,585.72480761,5.66735284,5.60257282,0.0
Delta,Warri South West,NG010025,1694.96709945,5.60559109,5.33200665,0.0
Kebbi,Wasagu/Danko,NG022019,4094.76847137,11.4227391,5.7307369,435.0
Plateau,Wase,NG032017,4979.4620348,9.00434759,10.24355813,180.0
Kano,Wudil,NG020044,362.00891214,11.75916482,8.85111279,428.0
Taraba,Wukari,NG035014,3936.07124121,7.98914762,9.76843646,163.0
Sokoto,Wurno,NG034022,680.37541584,13.23691419,5.47058655,311.0
Niger,Wushishi,NG027025,1810.90367186,9.71018617,5.91202627,111.0
Sokoto,Yabo,NG034023,768.37880148,12.79643212,4.94217461,299.0
Kogi,Yagba East,NG023020,1472.71809712,8.13593536,5.71920528,308.0
Kogi,Yagba West,NG023021,1285.13115632,8.2767587,5.55164664,300.0
Cross River,Yakurr,NG009018,659.06228402,5.81760858,8.17790569,66.0
Cross River,Yala,NG009019,1783.85963801,6.58742372,8.51220243,41.0
Gombe,Yamaltu/Deba,NG016011,1960.76233406,10.31465133,11.37241364,294.0
Jigawa,Yankwashi,NG018027,338.06910197,12.74267465,8.50295475,443.0
Kebbi,Yauri,NG022020,122.79974645,10.75475636,4.7264751,154.0
Bayelsa,Yenegoa,NG006008,682.27031815,5.06539078,6.37224442,26.0
Adamawa,Yola North,NG002020,63.53436193,9.25845592,12.44019945,185.0
Adamawa,Yola South,NG002021,931.04804287,9.27204822,12.26059176,179.0
Taraba,Yorro,NG035015,1272.59947926,8.88030466,11.50678435,346.0
Yobe,Yunusari,NG036016,3815.34084545,13.11156862,11.72402708,324.0
Yobe,Yusufari,NG036017,3864.56087097,13.15951119,10.54321129,345.0
Bauchi,Zaki,NG005020,1902.99104659,12.21214508,10.24121257,362.0
Katsina,Zango,NG021034,519.44547021,12.95056562,8.54739512,454.0
Kaduna,Zango-Kataf,NG019022,2333.07789207,9.83906829,8.27780196,816.0
Kaduna,Zaria,NG019023,393.89004479,11.01878777,7.64597686,652.0
Taraba,Zing,NG035016,1027.53371229,8.85857995,11.76508286,459.0
Zamfara,Zurmi,NG037014,2684.60535061,12.86327938,6.71261887,381.0
Kebbi,Zuru,NG022021,697.39289094,11.41284731,5.27942215,351.0
